Time,Place,Magnitude,Depth (km),Longitude,Latitude
2024-12-03 16:09:11,"119 km ESE of Sarangani, Philippines",5.2,11.691,126.3962,4.8701
2024-11-26 07:55:04,"59 km NE of Masohi, Indonesia",5.1,10.0,129.3536,-2.9292
2024-11-22 07:51:06,"104 km NNE of Tobelo, Indonesia",5.2,73.851,128.2565,2.6393
2024-11-21 12:12:52,"186 km W of Abepura, Indonesia",5.2,30.152,138.9801,-2.3328
2024-11-14 19:08:17,"118 km WSW of Bandar Lampung, Indonesia",5.1,92.099,104.3629,-6.0117
2024-11-12 09:24:26,"135 km W of Ternate, Indonesia",5.2,17.81,126.1828,0.5833
2024-11-11 13:35:31,Banda Sea,5.0,517.961,125.7974,-5.404
2024-11-10 22:35:12,"107 km NW of Tual, Indonesia",5.0,10.0,132.0684,-4.9359
2024-11-10 21:29:00,"110 km NW of Tual, Indonesia",5.0,10.0,132.0496,-4.9172
2024-11-02 10:19:44,"197 km WSW of Bandar Lampung, Indonesia",5.2,34.886,103.6658,-6.2336
2024-11-01 17:19:13,"167 km N of Sanana, Indonesia",5.4,37.858,125.8564,-0.5483
2024-10-22 02:36:18,"271 km W of Tual, Indonesia",5.1,10.0,130.3336,-6.0452
2024-10-21 08:35:08,"57 km S of Labuha, Indonesia",5.0,10.0,127.3953,-1.138
2024-10-21 08:24:05,"71 km SSW of Labuha, Indonesia",5.0,10.0,127.2704,-1.2346
2024-10-21 08:08:33,"62 km SSW of Labuha, Indonesia",5.0,10.0,127.2649,-1.1526
2024-10-21 06:32:35,"63 km SSW of Labuha, Indonesia",5.6,10.0,127.3252,-1.177
2024-10-21 04:12:15,"52 km S of Labuha, Indonesia",5.1,10.0,127.4191,-1.0987
2024-10-21 03:24:16,"60 km S of Labuha, Indonesia",5.8,16.0,127.4585,-1.175
2024-10-19 18:07:13,"154 km N of Palu, Indonesia",5.2,62.475,119.9077,0.4909
2024-10-12 01:11:57,"103 km SE of Modisi, Indonesia",5.1,46.11,125.1625,-0.1377
2024-10-01 09:28:05,"260 km ESE of Baubau, Indonesia",6.1,576.0,124.8988,-5.9828
2024-10-01 07:10:38,"83 km W of Gorontalo, Indonesia",5.0,122.886,122.3155,0.4813
2024-09-29 11:09:16,"155 km WNW of Tobelo, Indonesia",5.2,46.013,126.838,2.4975
2024-09-23 19:51:02,"67 km SSW of Gorontalo, Indonesia",6.0,143.0,122.8918,-0.0469
2024-09-19 07:47:26,"87 km NE of Tobelo, Indonesia",5.1,41.584,128.4621,2.3789
2024-09-19 07:45:33,"91 km NE of Tobelo, Indonesia",5.2,26.101,128.6935,2.1924
2024-09-18 02:41:06,"15 km ESE of Banjar, Indonesia",5.0,10.0,107.5662,-7.2418
2024-09-15 13:08:08,"173 km NE of Bontang, Indonesia",5.5,6.526,118.4805,1.3429
2024-09-15 09:54:33,"44 km SSE of Pelabuhanratu, Indonesia",5.0,51.169,106.6662,-7.3767
2024-09-14 21:37:37,"34 km ENE of Sibolga, Indonesia",5.0,127.607,99.0554,1.8932
2024-09-13 06:33:47,"146 km ESE of Sarangani, Philippines",5.0,60.965,126.5809,4.6972
2024-09-09 21:01:29,"183 km SE of Sarangani, Philippines",5.1,48.5,126.7337,4.3404
2024-09-06 19:02:01,"126 km SSW of Banjar, Indonesia",5.0,10.274,106.829,-8.1642
2024-09-06 01:06:35,"166 km SSW of Pagar Alam, Indonesia",5.3,19.632,102.6434,-5.4079
2024-09-05 04:31:28,"76 km S of Modisi, Indonesia",5.2,36.451,124.5515,-0.2348
2024-09-04 09:40:44,"107 km N of Baukau, Timor Leste",5.0,10.0,126.491,-7.508
2024-09-01 19:59:25,"211 km SSE of Sarangani, Philippines",5.0,46.933,126.5018,3.7986
2024-09-01 00:49:26,"66 km SSW of Sarangani, Philippines",5.0,10.0,125.3428,4.8108
2024-08-31 08:53:48,"135 km SW of Abepura, Indonesia",5.0,49.939,139.7218,-3.4079
2024-08-27 02:15:18,"Kepulauan Babar, Indonesia",5.8,78.0,129.4461,-7.1565
2024-08-26 12:57:40,"89 km S of Bambanglipuro, Indonesia",5.4,54.841,110.259,-8.7602
2024-08-26 00:17:04,"113 km WNW of Ternate, Indonesia",5.3,35.0,126.4084,1.0961
2024-08-24 16:54:28,"81 km SSW of Bengkulu, Indonesia",5.0,11.915,102.0653,-4.5066
2024-08-22 18:42:27,"98 km N of Manatutu, Timor Leste",5.1,10.0,125.8773,-7.6284
2024-08-22 11:17:10,Banda Sea,5.1,99.201,129.6463,-6.991
2024-08-17 20:52:49,"235 km NNE of Lospalos, Timor Leste",5.0,337.956,128.0377,-6.6591
2024-08-14 17:55:39,"88 km SW of Pelabuhanratu, Indonesia",5.0,19.222,106.0795,-7.6359
2024-08-14 16:46:40,"223 km SSW of Kawalu, Indonesia",5.0,8.526,107.7159,-9.3438
2024-08-14 09:15:07,"160 km W of Labuan, Indonesia",5.0,39.785,104.3954,-6.5957
2024-08-12 11:36:13,"181 km WNW of Tobelo, Indonesia",5.0,54.11,126.52,2.3936
2024-08-09 16:40:37,"56 km S of Ruteng, Indonesia",5.1,75.465,120.5383,-9.1202
2024-08-05 12:44:01,"238 km WSW of Bandar Lampung, Indonesia",5.0,22.641,103.4144,-6.5383
2024-07-28 11:20:32,Banda Sea,5.2,146.713,130.0296,-6.2708
2024-07-25 20:32:17,"225 km NE of Lospalos, Timor Leste",5.5,144.012,128.681,-7.3691
2024-07-25 17:11:38,"238 km S of Pagar Alam, Indonesia",5.3,10.0,102.8461,-6.1464
2024-07-24 12:42:51,Banda Sea,5.1,153.351,130.0446,-6.5121
2024-07-24 08:09:01,"17 km NE of Kupang, Indonesia",5.2,35.0,123.7239,-10.0576
2024-07-24 00:22:08,"164 km WSW of Abepura, Indonesia",5.2,45.484,139.2043,-2.9716
2024-07-22 14:47:16,"177 km W of Tual, Indonesia",5.0,63.93,131.1812,-5.3334
2024-07-20 12:05:04,"155 km WSW of Teluk Dalam, Indonesia",5.1,10.0,96.4867,0.1
2024-07-19 14:36:14,"31 km WSW of Tobelo, Indonesia",5.1,8.149,127.7664,1.5763
2024-07-19 14:31:30,"35 km SW of Tobelo, Indonesia",5.0,10.0,127.7706,1.5195
2024-07-19 13:36:03,"128 km SE of Bitung, Indonesia",5.0,21.222,126.0494,0.7348
2024-07-18 15:01:23,"202 km SW of Bengkulu, Indonesia",5.3,10.0,101.0511,-5.1622
2024-07-16 23:39:33,"113 km ESE of Bitung, Indonesia",5.3,48.375,126.1216,1.2023
2024-07-12 10:34:00,"131 km WNW of Ternate, Indonesia",5.0,10.0,126.3177,1.2947
2024-07-10 15:32:42,"224 km SW of Bengkulu, Indonesia",5.4,9.0,101.0211,-5.4067
2024-06-30 16:06:29,"236 km SSW of Singaparna, Indonesia",5.2,20.277,107.4144,-9.3734
2024-06-24 09:55:00,"Kepulauan Babar, Indonesia",5.4,87.686,129.9588,-7.0643
2024-06-21 00:11:17,"133 km SW of Abepura, Indonesia",5.0,77.081,139.8835,-3.5436
2024-06-15 13:08:14,"180 km NNW of Tobelo, Indonesia",5.6,45.789,127.2673,3.1837
2024-06-12 17:01:20,"158 km SE of Sarangani, Philippines",5.8,39.0,126.4544,4.3762
2024-06-07 16:31:04,"162 km WSW of Abepura, Indonesia",5.3,39.22,139.2269,-2.994
2024-06-06 13:15:37,"28 km S of Taliwang, Indonesia",5.0,10.967,116.8448,-9.0052
2024-06-05 11:16:14,"86 km ESE of Teluk Dalam, Indonesia",5.1,65.051,98.5655,0.4195
2024-06-05 06:19:41,"171 km W of Bengkulu, Indonesia",5.0,10.0,100.7411,-3.5702
2024-06-05 02:20:27,"183 km W of Bengkulu, Indonesia",5.5,19.0,100.6221,-3.6756
2024-06-02 21:43:40,"203 km W of Abepura, Indonesia",5.0,48.904,138.8345,-2.9237
2024-06-01 11:01:43,"40 km ESE of Ransiki, Indonesia",5.0,36.038,134.5006,-1.6626
2024-05-30 17:08:17,"148 km NNW of Kendari, Indonesia",5.0,10.0,122.0453,-2.7221
2024-05-28 11:52:40,"93 km WNW of Sinabang, Indonesia",5.7,21.0,95.6066,2.8091
2024-05-27 19:53:57,"241 km SSW of Boyolangu, Indonesia",5.0,10.0,111.4012,-10.2431
2024-05-25 07:37:17,"117 km WNW of Ternate, Indonesia",5.0,11.972,126.3869,1.1293
2024-05-22 05:49:12,"81 km ESE of Gorontalo, Indonesia",5.0,127.916,123.6754,0.1267
2024-05-21 08:31:56,"261 km ESE of Biak, Indonesia",5.3,22.062,138.2031,-2.2033
2024-05-20 19:42:15,"81 km S of Dampit, Indonesia",5.0,88.44,112.6283,-8.9412
2024-05-18 06:26:09,"267 km SSE of Tabiauan, Philippines",5.5,524.072,122.9135,3.838
2024-05-14 08:11:10,"15 km NNW of Gili Trawangan, Indonesia",5.3,22.776,115.9724,-8.2223
2024-05-13 00:28:13,"85 km NW of Modisi, Indonesia",5.3,274.091,123.8264,0.9271
2024-05-07 13:12:56,"25 km SSW of Maan, Philippines",5.0,50.41,124.6392,5.729
2024-05-05 20:37:11,"157 km WSW of Fakfak, Indonesia",5.5,10.0,130.9364,-3.3053
2024-05-05 18:33:11,"154 km WSW of Fakfak, Indonesia",6.1,16.0,130.9618,-3.3167
2024-04-30 13:52:40,"151 km WNW of Tobelo, Indonesia",5.3,20.048,126.767,2.2997
2024-04-27 16:29:50,"91 km S of Banjar, Indonesia",6.1,59.701,107.2798,-8.005
2024-04-26 13:43:16,"184 km S of Nusa Dua, Indonesia",5.0,10.0,115.0966,-10.4664
2024-04-22 11:11:33,"101 km SSW of Trenggalek, Indonesia",5.3,35.0,111.2844,-8.8902
2024-04-22 11:10:48,"107 km SSW of Trenggalek, Indonesia",5.1,54.28,111.2888,-8.9573
2024-04-13 16:40:55,"161 km WNW of Tobelo, Indonesia",5.0,39.341,126.6086,2.1044
2024-04-13 06:26:35,"157 km WNW of Tobelo, Indonesia",5.2,38.856,126.6873,2.226
2024-04-11 17:34:06,"237 km SE of Sarangani, Philippines",5.0,45.378,126.7665,3.6958
2024-04-09 09:47:59,"150 km NW of Tobelo, Indonesia",6.4,22.0,127.0624,2.6982
2024-04-09 00:04:05,"35 km ESE of Ransiki, Indonesia",5.5,10.0,134.4849,-1.585
2024-04-09 00:02:52,"34 km SE of Ransiki, Indonesia",5.9,6.66,134.4237,-1.6951
2024-04-07 17:46:18,"192 km SW of Bandar Lampung, Indonesia",5.0,38.777,103.9286,-6.5495
2024-04-07 14:57:16,"49 km SSE of Dompu, Indonesia",5.0,10.0,118.6205,-8.9592
2024-04-06 08:24:30,"251 km N of Agats, Indonesia",5.0,65.268,138.2881,-3.277
2024-04-03 09:02:16,"111 km N of Paciran, Indonesia",5.1,10.0,112.3387,-5.8654
2024-03-28 08:01:54,"138 km S of Bambanglipuro, Indonesia",5.0,59.247,110.1543,-9.1955
2024-03-24 11:53:57,"50 km NW of Bintuni, Indonesia",5.1,42.523,133.2473,-1.7427
2024-03-24 03:04:07,"85 km SE of Ende, Indonesia",5.7,62.174,122.1832,-9.4207
2024-03-23 13:20:28,"82 km SW of Pagar Alam, Indonesia",5.3,62.692,102.7307,-4.5597
2024-03-22 08:52:58,"110 km N of Paciran, Indonesia",6.4,9.471,112.3646,-5.8754
2024-03-22 05:31:12,"107 km N of Paciran, Indonesia",5.2,10.0,112.3829,-5.909
2024-03-22 04:22:45,"117 km N of Paciran, Indonesia",5.6,10.0,112.3187,-5.8155
2024-03-21 00:19:13,"175 km ESE of Biak, Indonesia",5.1,12.374,137.4266,-2.008
2024-03-20 08:24:57,"97 km E of Tuapejat, Indonesia",5.0,67.702,100.4628,-2.0189
2024-03-13 19:06:06,"109 km SE of Modisi, Indonesia",5.0,42.886,125.2292,-0.1274
2024-03-13 18:56:14,"111 km SE of Modisi, Indonesia",5.7,39.0,125.2455,-0.1457
2024-03-13 16:39:21,Banda Sea,5.0,169.876,129.8569,-6.5577
2024-03-10 03:05:02,"277 km ENE of Lospalos, Timor Leste",5.0,88.58,129.1918,-7.2929
2024-03-08 09:11:45,"103 km SE of Pondaguitan, Philippines",6.0,115.0,126.9407,5.8168
2024-03-08 03:52:52,"80 km NE of Sanana, Indonesia",5.0,10.0,126.561,-1.6235
2024-03-06 23:56:55,"178 km ENE of Tual, Indonesia",5.2,10.0,134.1471,-4.8258
2024-03-04 02:48:21,"224 km S of Bengkulu, Indonesia",5.2,10.0,102.179,-5.8279
2024-03-03 15:07:43,"111 km SSW of Pagar Alam, Indonesia",5.1,63.387,103.0276,-5.0063
2024-03-01 07:06:36,"180 km ENE of Agats, Indonesia",5.2,10.0,139.56,-4.7608
2024-02-25 15:04:57,"77 km WSW of Pelabuhanratu, Indonesia",5.2,45.156,105.9647,-7.3755
2024-02-25 13:07:04,"79 km WSW of Pelabuhanratu, Indonesia",5.6,34.0,105.9282,-7.3405
2024-02-24 00:51:21,"257 km NNE of Tobelo, Indonesia",5.2,10.0,128.6605,3.9671
2024-02-23 07:46:26,"158 km SSE of Teluk Dalam, Indonesia",5.3,19.996,98.4764,-0.6873
2024-02-21 22:46:57,"88 km N of Sumenep, Indonesia",5.1,606.447,113.9306,-6.2111
2024-02-19 15:08:54,"290 km ENE of Lospalos, Timor Leste",5.0,144.671,129.2819,-7.2116
2024-02-07 19:33:36,"171 km WSW of Fakfak, Indonesia",5.2,10.0,130.8029,-3.3229
2024-02-05 00:52:22,"99 km E of Tuapejat, Indonesia",5.0,51.246,100.4749,-2.152
2024-02-03 08:25:09,"135 km WNW of Tobelo, Indonesia",5.0,35.893,126.9728,2.3788
2024-01-30 18:05:27,"157 km NW of Ternate, Indonesia",5.0,41.461,126.4795,1.8874
2024-01-27 18:29:49,"102 km SSE of Sarangani, Philippines",5.0,163.893,125.7835,4.5353
2024-01-25 12:24:12,"89 km NW of Ende, Indonesia",5.6,21.643,121.1669,-8.2065
2024-01-24 13:49:23,"201 km S of Banjar, Indonesia",5.0,22.147,107.2367,-9.0048
2024-01-24 01:29:46,"299 km WSW of Tual, Indonesia",5.3,136.091,130.11,-6.2013
2024-01-15 14:04:35,"120 km SSE of Sarangani, Philippines",5.0,88.75,125.7007,4.3428
2024-01-12 02:05:04,"121 km ESE of Sarangani, Philippines",5.0,44.076,126.43,4.8837
2024-01-09 04:45:06,"148 km WSW of Teluk Dalam, Indonesia",5.1,10.0,96.5636,0.0777
2024-01-08 20:48:42,"93 km SE of Sarangani, Philippines",6.7,62.574,126.1575,4.9225
2024-01-08 09:51:30,"29 km SSE of Tuapejat, Indonesia",5.2,17.148,99.6708,-2.284
2024-01-04 00:43:16,Banda Sea,5.0,137.491,129.7689,-6.9962
2024-01-01 07:52:43,"94 km SE of Gorontalo, Indonesia",5.3,81.212,123.6177,-0.1092
2023-12-30 17:16:23,"146 km WSW of Abepura, Indonesia",6.3,33.0,139.372,-2.9934
2023-12-27 22:43:56,"50 km SSW of Singaparna, Indonesia",5.1,72.197,107.9533,-7.7769
2023-12-27 18:52:44,"26 km NNE of Kupang, Indonesia",5.0,39.974,123.7035,-9.9486
2023-12-22 11:33:59,"102 km NNE of Tobelo, Indonesia",5.1,62.909,128.1978,2.6388
2023-12-19 22:36:03,"111 km NNE of Tobelo, Indonesia",5.2,173.775,128.2749,2.7011
2023-12-17 14:27:35,"56 km WNW of Abepura, Indonesia",5.1,10.0,140.1438,-2.4708
2023-12-16 06:45:55,"145 km WNW of Pariaman, Indonesia",5.0,51.179,98.8494,-0.3273
2023-12-14 01:05:49,"59 km SW of Modisi, Indonesia",5.0,104.287,124.0114,0.1199
2023-12-12 00:37:29,"175 km S of Taliwang, Indonesia",5.1,35.0,116.8988,-10.3354
2023-12-11 10:16:39,"51 km ENE of Sijunjung, Indonesia",5.0,255.387,101.3587,-0.4441
2023-12-11 03:50:20,"91 km NE of Lospalos, Timor Leste",5.0,57.124,127.5926,-7.9464
2023-12-10 19:52:10,"193 km NE of Agats, Indonesia",5.0,10.356,139.4579,-4.4103
2023-12-10 04:49:49,"115 km S of Abepura, Indonesia",5.1,61.048,140.6335,-3.6376
2023-12-09 19:44:47,"144 km ENE of Bitung, Indonesia",5.0,54.695,126.3784,1.8063
2023-12-07 02:09:20,"90 km SW of Labuha, Indonesia",5.0,10.0,126.8473,-1.1405
2023-12-05 12:36:38,"95 km NNE of Tobelo, Indonesia",5.1,62.979,128.2423,2.5629
2023-12-03 02:39:55,"72 km NE of Masohi, Indonesia",5.2,10.0,129.3648,-2.7823
2023-12-02 18:28:35,"102 km ENE of Masohi, Indonesia",5.0,15.419,129.769,-2.8417
2023-12-02 12:01:00,"Kepulauan Babar, Indonesia",5.5,117.236,129.6876,-7.0345
2023-12-02 05:37:25,"176 km S of Dampit, Indonesia",5.2,43.519,112.511,-9.7881
2023-12-01 17:58:56,"80 km NE of Masohi, Indonesia",5.0,19.414,129.4178,-2.7223
2023-11-22 02:48:51,"91 km W of Tobelo, Indonesia",6.0,102.0,127.1887,1.7827
2023-11-21 07:12:14,"69 km NNW of Insrom, Indonesia",5.2,17.009,135.8426,-0.5476
2023-11-20 19:28:25,"6 km SW of Burias, Philippines",5.0,84.367,125.2156,5.677
2023-11-17 08:14:10,"32 km SW of Kablalan, Philippines",6.7,52.0,125.0013,5.5627
2023-11-17 03:02:18,"204 km W of Abepura, Indonesia",5.2,10.0,138.8023,-2.4108
2023-11-16 02:21:48,"203 km NNE of Agats, Indonesia",5.1,93.322,138.674,-3.785
2023-11-15 23:26:14,"96 km NW of Manado, Indonesia",5.8,289.0,124.1476,1.9998
2023-11-14 06:22:51,"289 km W of Tual, Indonesia",5.2,10.0,130.1522,-5.8841
2023-11-12 20:38:16,"121 km SSW of Abepura, Indonesia",5.3,41.45,140.1941,-3.6024
2023-11-12 02:06:16,"29 km NNE of Kupang, Indonesia",5.2,42.657,123.699,-9.9173
2023-11-11 06:41:51,"287 km W of Tual, Indonesia",5.7,10.0,130.1561,-5.7066
2023-11-10 21:20:12,"295 km W of Tual, Indonesia",5.6,10.0,130.1327,-6.1476
2023-11-10 21:13:35,"297 km W of Tual, Indonesia",5.3,10.0,130.1099,-6.0958
2023-11-10 21:05:58,Banda Sea,5.0,8.578,129.9405,-6.104
2023-11-10 20:45:11,Banda Sea,6.1,9.969,130.0606,-6.0976
2023-11-10 03:50:35,"283 km W of Tual, Indonesia",5.9,10.0,130.2186,-6.02
2023-11-09 09:14:17,Banda Sea,5.1,10.0,130.199,-5.5021
2023-11-08 17:25:03,"278 km SSE of Amahai, Indonesia",5.3,10.0,130.2365,-5.4786
2023-11-08 14:47:35,Banda Sea,5.0,10.0,129.9979,-6.1015
2023-11-08 13:02:06,Banda Sea,6.7,10.0,129.8738,-6.131
2023-11-08 06:06:50,Banda Sea,5.1,10.0,129.957,-6.345
2023-11-08 05:42:39,Banda Sea,5.2,10.0,129.8961,-6.1801
2023-11-08 04:53:49,Banda Sea,7.1,6.0,129.5466,-6.416
2023-11-08 04:52:51,Banda Sea,6.7,10.0,129.7518,-6.4442
2023-11-06 15:36:44,"142 km NE of Lospalos, Timor Leste",5.2,172.862,127.7793,-7.498
2023-11-01 21:04:48,"20 km NE of Kupang, Indonesia",6.1,51.0,123.7541,-10.0561
2023-11-01 14:07:47,"58 km NNW of Ende, Indonesia",5.0,10.0,121.5495,-8.3219
2023-10-29 00:56:05,"60 km SSW of Bengkulu, Indonesia",5.1,55.976,102.0246,-4.2937
2023-10-28 15:01:59,"296 km N of Palu, Indonesia",5.4,24.286,120.2411,1.7474
2023-10-28 13:04:53,"98 km N of Manatutu, Timor Leste",5.5,10.0,125.8938,-7.6305
2023-10-27 07:49:51,"18 km WNW of Waingapu, Indonesia",5.0,76.206,120.1216,-9.5654
2023-10-26 05:44:18,"288 km ENE of Lospalos, Timor Leste",5.5,154.0,129.2243,-7.1498
2023-10-25 13:24:59,"29 km S of Tomohon, Indonesia",5.2,138.675,124.7792,1.0473
2023-10-23 15:30:22,"60 km S of Tobelo, Indonesia",5.0,9.894,127.962,1.1821
2023-10-20 19:51:56,"65 km SSE of Tondano, Indonesia",5.1,61.205,125.206,0.7895
2023-10-19 14:08:24,"77 km SSW of Banjar, Indonesia",5.1,58.526,107.2582,-7.8723
2023-10-12 06:18:41,"174 km NE of Tual, Indonesia",5.2,10.0,133.9193,-4.5721
2023-10-09 03:50:48,"98 km W of Gorontalo, Indonesia",5.0,137.358,122.1918,0.3711
2023-10-05 04:25:45,"149 km SW of Ambon, Indonesia",5.0,10.0,127.0835,-4.4736
2023-10-04 11:21:47,"65 km E of Sarangani, Philippines",6.4,113.0,126.0438,5.3171
2023-10-03 13:53:04,"254 km ESE of Sarangani, Philippines",5.1,82.879,127.5947,4.5477
2023-10-02 08:58:37,"189 km WSW of Nabire, Indonesia",5.3,10.0,134.0052,-4.1801
2023-10-01 04:00:24,"16 km W of Sukabumi, Indonesia",5.3,113.044,106.7791,-6.9332
2023-09-27 16:15:20,"6 km W of Amahai, Indonesia",5.0,17.573,128.858,-3.3385
2023-09-26 01:39:43,"234 km SE of Pondaguitan, Philippines",5.9,94.0,127.5053,4.7109
2023-09-24 01:27:34,"87 km SE of Sinabang, Indonesia",5.2,33.273,96.9269,1.9095
2023-09-22 14:59:16,"Kepulauan Babar, Indonesia",5.8,147.0,129.7277,-7.0623
2023-09-16 21:17:39,"91 km ENE of Fef, Indonesia",5.0,10.0,133.1929,-0.4861
2023-09-15 18:16:01,"124 km WNW of Ternate, Indonesia",5.0,12.114,126.3201,1.1311
2023-09-13 05:34:33,"100 km NW of Batang, Indonesia",5.0,650.655,110.1746,-5.754
2023-09-11 12:51:33,"38 km NNE of Ternate, Indonesia",6.0,151.0,127.4888,1.1246
2023-09-09 14:43:24,"101 km N of Palu, Indonesia",6.0,13.0,119.7663,0.0018
2023-09-09 00:06:14,"176 km NNE of Gili Air, Indonesia",5.6,512.824,116.5593,-6.8316
2023-09-07 19:20:13,"276 km ESE of Sarangani, Philippines",5.1,130.486,127.7487,4.405
2023-09-05 14:58:03,"60 km W of Sinabang, Indonesia",5.1,23.817,95.8459,2.5656
2023-09-04 09:11:16,"98 km WNW of Tobelo, Indonesia",5.0,104.328,127.241,2.1697
2023-08-31 10:29:28,"19 km NE of Naisano Dua, Indonesia",5.4,47.151,123.9031,-9.4768
2023-08-30 02:17:06,"160 km WSW of Bandar Lampung, Indonesia",5.0,48.125,103.9727,-6.1023
2023-08-29 04:34:42,"270 km SSE of Amahai, Indonesia",5.9,203.0,129.9456,-5.5578
2023-08-28 20:08:06,"156 km N of Pototano, Indonesia",5.7,481.974,117.2121,-7.0269
2023-08-28 20:06:53,"180 km NNE of Gili Air, Indonesia",5.5,514.072,116.6136,-6.8165
2023-08-28 19:55:30,"180 km NNE of Gili Air, Indonesia",7.1,500.0,116.5211,-6.7888
2023-08-28 17:59:16,"Pulau-Pulau Talaud, Indonesia",5.3,28.833,126.5051,4.3673
2023-08-21 10:01:18,Flores Sea,5.2,515.398,120.4887,-7.4132
2023-08-17 04:28:48,"124 km WSW of Pelabuhanratu, Indonesia",5.4,54.787,105.5471,-7.4965
2023-08-15 03:54:02,"Flores region, Indonesia",5.5,173.0,121.4462,-8.3786
2023-08-12 13:20:17,"96 km NNE of Poso, Indonesia",5.0,18.433,121.2134,-0.6518
2023-08-10 06:58:37,"117 km E of Tual, Indonesia",5.1,10.0,133.8123,-5.6391
2023-08-10 02:00:29,"143 km W of Tual, Indonesia",5.2,86.496,131.4651,-5.761
2023-08-06 10:09:22,"49 km ESE of Palu, Indonesia",5.3,10.0,120.281,-1.0804
2023-08-06 01:44:34,"53 km ESE of Palu, Indonesia",5.2,10.0,120.2762,-1.1715
2023-08-04 11:48:39,"92 km SE of Modisi, Indonesia",5.6,40.0,124.954,-0.2079
2023-08-04 00:31:44,"109 km NNE of Bangkalan, Indonesia",5.5,575.691,113.093,-6.1265
2023-07-29 11:19:09,"39 km SE of Tobelo, Indonesia",5.0,73.062,128.233,1.4539
2023-07-26 17:47:57,"88 km SW of Sarangani, Philippines",5.1,11.677,124.963,4.775
2023-07-26 16:20:32,"145 km NNW of Maumere, Indonesia",5.0,10.0,121.9453,-7.3328
2023-07-25 15:35:05,"144 km WNW of Tobelo, Indonesia",5.1,55.246,126.8188,2.2525
2023-07-25 00:25:10,"53 km WNW of Pante Makasar, Timor Leste",5.6,87.512,123.9238,-9.0432
2023-07-23 12:33:29,"Java, Indonesia",5.1,96.623,111.1186,-8.6271
2023-07-20 03:31:32,"75 km NE of Sanana, Indonesia",5.2,10.0,126.4517,-1.5687
2023-07-19 15:18:48,"115 km SW of Abepura, Indonesia",5.2,29.42,139.7735,-3.1814
2023-07-17 15:35:24,"49 km SW of Malisbeng, Philippines",5.4,9.0,124.0668,5.7772
2023-07-17 09:46:34,"73 km NE of Sanana, Indonesia",5.0,10.0,126.3639,-1.5166
2023-07-17 04:42:13,"79 km NE of Sanana, Indonesia",5.6,10.0,126.4716,-1.5393
2023-07-12 08:39:31,"90 km SSW of Tambolaka, Indonesia",5.0,16.765,118.8415,-10.1507
2023-07-06 17:13:19,"Kepulauan Babar, Indonesia",5.3,126.526,129.4318,-7.0119
2023-07-05 12:07:12,"91 km SW of Teluk Dalam, Indonesia",5.1,10.0,97.2079,0.0089
2023-07-03 02:51:34,"139 km SSW of Abepura, Indonesia",5.4,13.794,140.1181,-3.7466
2023-07-02 18:13:21,"Kepulauan Batu, Indonesia",5.1,19.818,97.3302,-0.1034
2023-06-30 12:57:42,"82 km SSW of Bambanglipuro, Indonesia",5.9,76.421,110.0229,-8.6478
2023-06-26 10:12:36,"55 km NW of Sibolga, Indonesia",5.2,91.467,98.479,2.1413
2023-06-20 08:39:17,"160 km NW of Tuapejat, Indonesia",5.5,19.993,98.6027,-0.9713
2023-06-11 06:51:47,"135 km ENE of Nabire, Indonesia",5.2,42.782,136.6526,-2.9534
2023-06-07 17:04:55,"146 km S of Wonosari, Indonesia",5.6,18.0,110.7921,-8.8517
2023-06-04 05:52:04,"Papua, Indonesia",5.1,52.249,137.3178,-3.0827
2023-06-04 00:25:10,"293 km WSW of Tual, Indonesia",5.2,114.92,130.3819,-6.8207
2023-05-31 21:56:38,"10 km NE of Ambon, Indonesia",5.2,117.6,128.2527,-3.6262
2023-05-31 00:58:41,"163 km NW of Tuapejat, Indonesia",5.1,21.087,98.673,-0.8752
2023-05-24 15:49:34,Banda Sea,6.2,158.0,129.5293,-6.9484
2023-05-24 00:44:07,"47 km SSW of Maitum, Philippines",5.2,17.872,124.2704,5.6719
2023-05-23 15:04:55,"204 km NW of Tobelo, Indonesia",5.1,48.463,126.7467,3.0781
2023-05-22 04:45:20,Banda Sea,5.2,10.0,129.2493,-6.6092
2023-05-14 15:32:20,"61 km WSW of Ternate, Indonesia",5.0,122.433,126.9209,0.4875
2023-05-14 06:13:52,"166 km NNW of Maubara, Timor Leste",5.2,556.756,124.5946,-7.2326
2023-05-11 14:36:36,"59 km W of Gunungsitoli, Indonesia",5.0,27.231,97.0828,1.2029
2023-05-10 04:24:47,"115 km W of Labuan, Indonesia",5.1,19.579,104.7998,-6.5679
2023-05-05 11:44:06,Flores Sea,5.0,581.478,120.1721,-7.2201
2023-05-03 01:23:05,"227 km SSE of Sarangani, Philippines",5.2,105.349,125.9293,3.4003
2023-04-30 16:29:01,Molucca Sea,5.2,19.922,126.2937,1.3426
2023-04-29 22:37:57,"139 km ENE of Tual, Indonesia",5.1,10.0,133.8131,-4.9445
2023-04-28 18:12:51,"162 km NE of Tual, Indonesia",5.5,10.0,133.9484,-4.7811
2023-04-28 09:19:52,"157 km NE of Tual, Indonesia",5.7,10.0,133.8946,-4.775
2023-04-26 20:43:02,"168 km SSE of Teluk Dalam, Indonesia",5.1,25.639,98.591,-0.7335
2023-04-24 22:19:15,"169 km NW of Tuapejat, Indonesia",5.0,21.352,98.5221,-0.9345
2023-04-24 20:00:57,"171 km SSE of Teluk Dalam, Indonesia",7.1,34.0,98.5112,-0.8082
2023-04-22 23:33:52,"170 km W of Pariaman, Indonesia",5.2,18.401,98.6029,-0.8016
2023-04-22 21:20:55,"Kepulauan Batu, Indonesia",5.2,22.72,98.5035,-0.8598
2023-04-22 21:17:47,"171 km NW of Tuapejat, Indonesia",5.7,20.0,98.4892,-0.9402
2023-04-22 17:09:44,"170 km W of Pariaman, Indonesia",5.8,21.0,98.5942,-0.7618
2023-04-22 09:15:53,Banda Sea,5.5,13.712,125.6371,-5.3494
2023-04-22 08:28:59,Banda Sea,5.0,10.0,125.5677,-5.2695
2023-04-22 08:23:42,Banda Sea,6.2,4.0,125.585,-5.2611
2023-04-21 10:21:13,"156 km NW of Tobelo, Indonesia",5.9,21.0,127.0501,2.7652
2023-04-17 11:05:55,"99 km SSW of Pagar Alam, Indonesia",5.1,62.556,102.9421,-4.8734
2023-04-15 15:07:07,"94 km SSW of Pagar Alam, Indonesia",5.5,62.192,102.9546,-4.8305
2023-04-14 10:37:54,"113 km NNE of Bangkalan, Indonesia",5.4,578.05,113.0021,-6.0524
2023-04-14 09:55:45,"Java, Indonesia",7.0,597.0,112.0478,-6.0413
2023-04-14 03:01:35,"182 km WNW of Abepura, Indonesia",5.0,25.544,139.0775,-2.082
2023-04-12 23:07:46,"213 km WSW of Tual, Indonesia",5.0,65.608,130.9951,-6.425
2023-04-12 02:02:13,"86 km SE of Pondaguitan, Philippines",5.3,83.529,126.7748,5.8532
2023-04-11 09:31:10,Molucca Sea,5.0,43.63,126.5897,2.0579
2023-04-10 00:37:29,"88 km S of Nusa Dua, Indonesia",5.1,58.547,115.1162,-9.5889
2023-04-10 00:36:20,"95 km S of Nusa Dua, Indonesia",5.0,62.275,115.1234,-9.6608
2023-04-06 00:32:02,"81 km NW of Luwuk, Indonesia",5.2,10.0,122.1838,-0.536
2023-04-03 20:50:32,"122 km NNW of Pante Makasar, Timor Leste",5.0,181.539,123.8573,-8.2205
2023-04-03 14:59:41,"77 km SW of Padangsidempuan, Indonesia",6.1,84.0,98.835,0.8388
2023-04-02 08:40:53,"72 km N of Bima, Indonesia",5.6,10.886,118.6792,-7.8107
2023-03-28 04:19:09,"104 km NE of Luwuk, Indonesia",5.0,75.11,123.5348,-0.3747
2023-03-26 12:41:11,"115 km NW of Tual, Indonesia",5.1,53.021,131.9605,-4.9564
2023-03-22 20:23:45,"106 km E of Maumere, Indonesia",5.1,109.009,123.1645,-8.8079
2023-03-19 19:30:14,"43 km W of Bengkulu, Indonesia",5.0,63.378,101.8745,-3.7623
2023-03-17 16:11:39,"97 km ESE of Pondaguitan, Philippines",5.0,70.175,126.9418,5.9274
2023-03-17 12:05:27,"south of Java, Indonesia",5.0,49.69,109.7511,-9.021
2023-03-16 05:22:40,"249 km S of Kencong, Indonesia",5.2,10.0,113.313,-10.5406
2023-03-15 21:25:39,"177 km ESE of Sarangani, Philippines",5.4,56.549,126.9061,4.7016
2023-03-11 04:03:47,"39 km SSE of Singkil, Indonesia",5.3,44.501,97.9366,1.9672
2023-03-07 20:31:28,"78 km S of Modisi, Indonesia",5.3,39.334,124.5471,-0.2533
2023-03-07 07:31:58,"180 km SW of Bandar Lampung, Indonesia",5.3,43.518,104.0023,-6.4702
2023-03-03 00:36:47,"southern Sumatra, Indonesia",5.0,57.716,101.8071,-3.8512
2023-03-01 23:05:23,"southern Sumatra, Indonesia",5.0,93.325,100.8384,-1.5655
2023-02-28 14:42:50,"72 km E of Bitung, Indonesia",5.1,64.487,125.7758,1.3696
2023-02-27 01:26:05,"60 km WSW of Poso, Indonesia",5.5,38.883,120.2491,-1.614
2023-02-23 20:02:47,"172 km N of Tobelo, Indonesia",6.3,92.0,128.1356,3.2796
2023-02-22 09:34:03,"Kepulauan Babar, Indonesia",5.6,114.224,129.5058,-7.0256
2023-02-20 01:33:30,"68 km SSE of Sinabang, Indonesia",5.0,27.722,96.6141,1.9113
2023-02-17 09:37:34,"130 km SSW of Tual, Indonesia",6.1,39.742,132.106,-6.6176
2023-02-12 17:38:09,"20 km SSW of Ransiki, Indonesia",5.1,61.167,134.0766,-1.6638
2023-02-11 08:55:05,"242 km SE of Sarangani, Philippines",5.9,25.0,126.6923,3.5892
2023-02-10 18:20:54,"60 km NW of Abepura, Indonesia",5.0,25.298,140.1828,-2.2921
2023-02-09 06:27:58,"8 km W of Abepura, Indonesia",5.1,9.924,140.5588,-2.598
2023-02-08 11:35:34,"5 km N of Abepura, Indonesia",5.0,15.164,140.6296,-2.5466
2023-02-07 00:35:51,"66 km WSW of Pelabuhanratu, Indonesia",5.4,50.524,106.0073,-7.2442
2023-02-02 23:05:05,"86 km NNE of Tobelo, Indonesia",5.0,81.032,128.2209,2.4828
2023-01-29 19:57:14,"171 km NW of Tobelo, Indonesia",5.0,42.236,126.9433,2.8491
2023-01-28 19:15:18,"36 km NE of Tobelo, Indonesia",5.3,143.944,128.255,1.9439
2023-01-26 04:23:51,"167 km NW of Tobelo, Indonesia",5.7,35.0,126.9856,2.8391
2023-01-24 20:17:58,"193 km NW of Tobelo, Indonesia",5.3,35.0,127.0141,3.1604
2023-01-24 16:10:15,"210 km NNE of Tobelo, Indonesia",5.2,11.012,128.5402,3.555
2023-01-24 13:11:21,"186 km NW of Tobelo, Indonesia",5.0,35.881,127.016,3.0821
2023-01-24 02:30:04,"165 km NW of Tobelo, Indonesia",5.4,35.0,127.088,2.9043
2023-01-24 02:13:14,"169 km NW of Tobelo, Indonesia",5.8,35.0,126.944,2.8182
2023-01-24 01:10:20,"167 km NW of Tobelo, Indonesia",5.1,18.473,126.9144,2.7739
2023-01-23 18:17:34,"164 km NW of Tobelo, Indonesia",5.5,9.735,127.0015,2.8202
2023-01-23 17:06:48,"170 km NW of Tobelo, Indonesia",5.0,30.491,126.899,2.7944
2023-01-21 20:06:50,"157 km NW of Tobelo, Indonesia",5.1,28.931,126.9929,2.7214
2023-01-21 03:58:09,"155 km NW of Tobelo, Indonesia",5.1,44.905,127.054,2.7552
2023-01-20 17:49:34,"163 km NW of Tobelo, Indonesia",5.0,24.625,126.9444,2.745
2023-01-18 16:27:49,"south of Java, Indonesia",5.1,10.0,111.7241,-10.9587
2023-01-18 08:01:26,"144 km NW of Tobelo, Indonesia",5.5,50.394,127.1349,2.6982
2023-01-18 06:19:13,"163 km NW of Tobelo, Indonesia",5.1,35.0,127.0179,2.8239
2023-01-18 06:06:11,"156 km NW of Tobelo, Indonesia",7.0,29.708,127.0221,2.7306
2023-01-18 00:34:45,"62 km SSE of Gorontalo, Indonesia",6.0,154.0,123.1998,-0.0116
2023-01-17 04:36:12,"95 km SSW of Dampit, Indonesia",5.0,66.345,112.5383,-9.0476
2023-01-15 22:29:58,"40 km SE of Singkil, Indonesia",6.1,37.0,97.9979,1.9837
2023-01-13 22:41:02,"110 km S of Pagar Alam, Indonesia",5.3,66.413,103.1291,-5.0128
2023-01-13 01:19:30,"Halmahera, Indonesia",5.0,10.0,129.707,-0.2267
2023-01-11 11:53:25,"196 km SW of Tual, Indonesia",5.0,12.519,131.3913,-6.7715
2023-01-09 18:09:53,"Pulau Pulau Tanimbar, Indonesia",5.4,108.246,130.1162,-7.081
2023-01-09 17:47:35,"Pulau Pulau Tanimbar, Indonesia",7.6,104.95,130.009,-7.0586
2023-01-09 12:26:33,"101 km SW of Trenggalek, Indonesia",5.3,67.859,111.1757,-8.8299
2023-01-04 12:16:58,"4 km NNE of Jayapura, Indonesia",5.1,19.763,140.7411,-2.4959
2023-01-03 12:55:30,"19 km ENE of Jayapura, Indonesia",5.1,10.0,140.8809,-2.4745
2023-01-02 10:39:59,"32 km N of Lhokseumawe, Indonesia",5.0,10.0,97.1178,5.4686
2023-01-01 18:24:32,"9 km ESE of Jayapura, Indonesia",5.5,30.83,140.8007,-2.5533
2022-12-30 12:10:45,"216 km ENE of Lospalos, Timor Leste",5.0,35.0,128.8795,-7.9548
2022-12-30 04:33:52,"southwest of Sumatra, Indonesia",5.0,10.0,102.806,-7.0561
2022-12-30 04:16:55,"272 km SW of Sibolga, Indonesia",5.0,10.0,97.3016,-0.2207
2022-12-29 23:26:47,"271 km SW of Sibolga, Indonesia",5.3,10.0,97.3082,-0.2127
2022-12-28 03:49:55,"209 km E of Amahai, Indonesia",5.0,10.0,130.8043,-3.3841
2022-12-24 20:57:34,"155 km SSW of Srandakan, Indonesia",5.0,46.858,109.5722,-9.1684
2022-12-19 05:50:15,"66 km SSW of Kotabumi, Indonesia",5.1,109.811,104.6469,-5.3796
2022-12-13 10:38:21,"21 km N of Amlapura city, Indonesia",5.2,10.0,115.6356,-8.256
2022-12-08 04:58:58,"170 km W of Abepura, Indonesia",5.0,54.934,139.1064,-2.7657
2022-12-08 00:50:55,"17 km NW of Ciranjang-hilir, Indonesia",5.8,107.0,107.1456,-6.7109
2022-12-07 06:53:15,"170 km WSW of Fakfak, Indonesia",5.0,10.0,130.8352,-3.3975
2022-12-06 10:22:02,"249 km SSW of Gambiran Satu, Indonesia",5.3,10.0,113.448,-10.5362
2022-12-06 08:01:30,"60 km SSE of Gorontalo, Indonesia",5.0,166.15,123.2081,0.0066
2022-12-06 06:07:48,"269 km S of Kencong, Indonesia",5.9,17.0,113.386,-10.7234
2022-12-03 09:49:40,"20 km ESE of Banjar, Indonesia",5.6,120.0,107.6139,-7.2331
2022-12-02 08:55:14,"67 km SSE of Gorontalo, Indonesia",5.0,153.6,123.2458,-0.0397
2022-12-01 08:29:42,"southwest of Sumatra, Indonesia",5.1,10.0,100.7331,-5.0322
2022-11-28 22:26:40,"106 km ENE of Amahai, Indonesia",5.0,10.0,129.7907,-2.9475
2022-11-26 22:39:20,"251 km W of Tual, Indonesia",5.1,109.736,130.4978,-5.8769
2022-11-24 02:11:25,"216 km WSW of Bengkulu, Indonesia",5.1,21.979,100.387,-4.3213
2022-11-22 16:24:43,"210 km W of Tual, Indonesia",5.2,67.15,130.8544,-5.6417
2022-11-21 06:21:07,"11 km NE of Sukabumi, Indonesia",5.6,10.0,106.9968,-6.836
2022-11-20 13:49:17,"34 km SSE of Kupang, Indonesia",5.1,10.0,123.7732,-10.4363
2022-11-19 18:28:30,"48 km SSW of Singaparna, Indonesia",5.0,69.988,107.9887,-7.7701
2022-11-18 14:07:00,"206 km WSW of Bengkulu, Indonesia",5.4,10.0,100.5808,-4.6015
2022-11-18 13:37:08,"204 km SW of Bengkulu, Indonesia",6.9,25.0,100.7862,-4.9043
2022-11-16 09:22:44,"171 km S of Bengkulu, Indonesia",5.1,29.808,102.3662,-5.3485
2022-11-16 06:01:32,"197 km WSW of Bengkulu, Indonesia",5.5,10.0,100.7623,-4.7623
2022-11-15 07:03:19,"289 km SSE of Ambon, Indonesia",5.0,256.659,129.0225,-6.1713
2022-11-13 15:10:21,"152 km SSW of Kroya, Indonesia",5.2,39.775,108.8343,-8.9501
2022-11-12 13:18:47,"94 km S of Banjar, Indonesia",5.2,55.403,107.418,-8.0496
2022-11-12 10:47:59,"154 km ENE of Tobelo, Indonesia",5.1,10.0,129.3044,2.2271
2022-11-11 11:39:29,"188 km W of Bengkulu, Indonesia",5.0,10.0,100.5702,-3.7365
2022-11-09 03:51:54,"Halmahera, Indonesia",5.0,35.0,128.6623,2.8811
2022-11-06 00:03:12,"124 km N of Manado, Indonesia",5.6,231.0,124.6644,2.5867
2022-11-05 15:35:07,"245 km SE of Sarangani, Philippines",5.1,28.805,126.8508,3.6718
2022-11-05 07:42:10,"165 km SSE of Sarangani, Philippines",5.0,88.998,126.2033,4.1071
2022-11-03 18:46:44,Banda Sea,5.3,79.224,130.5014,-6.565
2022-10-30 22:21:34,"34 km SW of Bandar, Indonesia",5.2,179.876,99.5189,1.8439
2022-10-23 02:15:40,"Halmahera, Indonesia",5.1,231.665,128.569,2.7602
2022-10-19 04:19:10,"64 km NE of Tobelo, Indonesia",5.1,68.269,128.421,2.1377
2022-10-18 11:46:04,Banda Sea,5.0,459.85,125.3462,-4.3646
2022-10-17 13:12:46,"72 km SE of Gorontalo, Indonesia",5.0,140.893,123.4561,0.0157
2022-10-17 08:13:46,"173 km E of Amahai, Indonesia",5.0,10.0,130.4648,-3.0965
2022-10-15 18:31:01,"241 km ENE of Lospalos, Timor Leste",5.2,165.26,128.8389,-7.3364
2022-10-12 13:14:05,"Kepulauan Barat Daya, Indonesia",5.0,157.806,128.3137,-7.4496
2022-10-12 08:50:03,"159 km E of Nabire, Indonesia",5.1,51.014,136.9143,-3.0903
2022-10-08 17:34:31,"Kepulauan Barat Daya, Indonesia",5.1,13.579,126.3676,-7.5067
2022-10-04 22:11:48,"Pulau Pulau Tanimbar, Indonesia",5.1,28.783,130.0542,-7.6935
2022-10-02 01:35:35,"38 km ESE of Tobelo, Indonesia",5.0,70.112,128.3477,1.6399
2022-09-30 20:37:38,"35 km NNE of Sibolga, Indonesia",5.0,10.098,98.9447,2.0209
2022-09-30 19:50:35,"49 km S of Tomok Bolon, Indonesia",5.0,20.955,98.89,2.2054
2022-09-30 19:28:40,"41 km NNE of Sibolga, Indonesia",5.9,18.363,98.9004,2.1277
2022-09-29 11:34:44,"near the north coast of Papua, Indonesia",5.4,26.41,139.9549,-2.4346
2022-09-25 11:16:31,"137 km SSE of Sarangani, Philippines",5.1,133.398,126.072,4.3182
2022-09-23 20:52:58,"37 km SSW of Meulaboh, Indonesia",6.2,42.181,96.0514,3.8109
2022-09-23 20:51:24,Banda Sea,5.2,10.0,125.5667,-5.1545
2022-09-23 09:50:16,"68 km SE of Gorontalo, Indonesia",5.0,168.865,123.5657,0.1761
2022-09-21 11:57:51,"198 km WSW of Tual, Indonesia",5.0,60.969,131.0137,-6.0609
2022-09-20 22:25:01,"183 km WSW of Pariaman, Indonesia",5.0,19.227,98.5697,-1.1959
2022-09-17 06:24:59,"115 km SW of Labuan, Indonesia",5.0,24.613,105.1422,-7.16
2022-09-10 23:24:00,"179 km WSW of Pariaman, Indonesia",5.7,10.0,98.618,-1.2041
2022-09-10 23:10:43,"173 km WSW of Pariaman, Indonesia",6.0,20.0,98.654,-1.149
2022-09-10 00:05:12,"260 km ESE of Biak, Indonesia",6.2,21.0,138.1784,-2.2313
2022-09-09 23:51:20,"261 km ESE of Biak, Indonesia",5.0,10.0,138.2058,-2.1841
2022-09-09 23:44:11,"262 km ESE of Biak, Indonesia",5.9,30.0,138.1792,-2.2644
2022-09-09 23:31:47,"Papua, Indonesia",6.2,18.0,138.1979,-2.2492
2022-09-09 17:20:17,"164 km WNW of Tobelo, Indonesia",5.2,36.724,126.5726,2.0788
2022-09-09 09:17:32,"48 km SSE of Lospalos, Timor Leste",5.0,10.0,127.1237,-8.9419
2022-09-08 07:58:52,"133 km SW of Singkil, Indonesia",5.1,10.0,96.967,1.4012
2022-09-07 18:11:39,"96 km SE of Gorontalo, Indonesia",5.1,141.792,123.7649,0.0294
2022-09-07 18:09:35,"115 km NW of Bengkulu, Indonesia",5.4,34.0,101.4217,-3.19
2022-09-04 08:52:13,"121 km SSW of Pagar Alam, Indonesia",5.1,55.021,102.8928,-5.0652
2022-09-01 16:23:42,"259 km NE of Lospalos, Timor Leste",5.1,151.223,128.9407,-7.1999
2022-08-29 03:29:13,"173 km WSW of Pariaman, Indonesia",6.2,17.0,98.6046,-0.988
2022-08-28 22:34:37,"Kepulauan Mentawai region, Indonesia",5.7,43.0,98.6652,-1.0173
2022-08-25 23:13:56,"179 km SE of Pondaguitan, Philippines",5.0,8.991,127.2002,5.1037
2022-08-25 03:21:30,"116 km SSW of Bengkulu, Indonesia",5.0,35.0,101.7512,-4.7217
2022-08-23 19:46:51,"183 km WSW of Bandar Lampung, Indonesia",5.1,25.585,103.8061,-6.2272
2022-08-23 14:31:39,"119 km S of Pagar Alam, Indonesia",6.2,45.258,103.079,-5.0926
2022-08-23 13:39:12,"153 km W of Tual, Indonesia",5.0,87.85,131.3864,-5.4006
2022-08-22 08:36:32,"Bali region, Indonesia",5.4,128.0,115.696,-8.9212
2022-08-18 07:46:27,"Minahasa, Sulawesi, Indonesia",5.5,173.104,124.3718,0.3574
2022-08-17 12:56:31,"171 km N of Metinaro, Timor Leste",5.5,480.972,125.4656,-7.0024
2022-08-14 02:47:46,"157 km NW of Ternate, Indonesia",5.7,30.0,126.3859,1.7974
2022-08-09 12:59:40,Banda Sea,5.6,149.0,129.9544,-6.7235
2022-07-31 03:03:15,"43 km WNW of Meulaboh, Indonesia",5.1,74.145,95.7593,4.2739
2022-07-24 06:46:38,"127 km WSW of Ternate, Indonesia",5.3,10.83,126.2882,0.4649
2022-07-23 07:35:44,"115 km N of Maumere, Indonesia",5.4,10.0,122.3837,-7.5885
2022-07-23 06:09:15,"115 km N of Maumere, Indonesia",5.4,10.0,122.4103,-7.5962
2022-07-19 23:46:50,"southern Sumatra, Indonesia",5.3,52.0,102.1383,-4.1438
2022-07-17 12:58:36,"62 km S of Gorontalo, Indonesia",5.2,112.11,123.0885,-0.0306
2022-07-17 09:13:03,"152 km SSE of Pundong, Indonesia",5.1,37.06,110.8097,-9.2537
2022-07-14 12:08:19,"178 km NNW of Tobelo, Indonesia",5.0,35.565,127.1621,3.1004
2022-07-12 02:52:08,"123 km WSW of Bandar Lampung, Indonesia",5.0,51.01,104.3005,-5.9998
2022-07-09 03:06:04,"191 km W of Abepura, Indonesia",5.0,45.906,138.9288,-2.8773
2022-07-09 02:53:46,"128 km SSW of Kencong, Indonesia",5.1,56.35,112.9398,-9.3644
2022-07-08 20:27:08,"139 km SSW of Kencong, Indonesia",5.2,41.048,112.9197,-9.4648
2022-07-06 05:10:17,"205 km SW of Bengkulu, Indonesia",5.2,7.409,101.0026,-5.1633
2022-07-02 23:49:12,"129 km ESE of Tondano, Indonesia",5.3,21.222,126.0371,0.9953
2022-06-28 15:52:13,"47 km NNW of Naisano Dua, Indonesia",5.0,102.45,123.6014,-9.1986
2022-06-24 18:56:34,"98 km S of Padang, Indonesia",5.1,50.54,100.4097,-1.8368
2022-06-22 05:01:19,"142 km N of Ruteng, Indonesia",5.6,499.8,120.4333,-7.3221
2022-06-21 19:08:15,"Simeulue, Indonesia",5.0,10.0,96.4059,2.0127
2022-06-18 11:22:18,"99 km SSW of Pagar Alam, Indonesia",5.3,66.86,103.0305,-4.9018
2022-06-17 16:45:01,"295 km ENE of Lospalos, Timor Leste",5.0,141.55,129.3148,-7.1744
2022-06-11 23:55:32,"36 km SW of Trenggalek, Indonesia",5.0,108.58,111.4594,-8.2905
2022-06-08 05:32:37,"39 km WSW of Mamuju, Indonesia",5.8,23.58,118.5386,-2.7693
2022-06-07 13:24:13,"79 km ESE of Gorontalo, Indonesia",5.6,131.78,123.6638,0.1487
2022-06-06 08:29:09,"156 km W of Abepura, Indonesia",5.2,23.75,139.2418,-2.803
2022-06-02 19:19:56,"170 km SE of Gorontalo, Indonesia",5.0,60.61,124.2737,-0.4093
2022-06-01 22:55:43,"210 km S of Sofifi, Indonesia",5.0,8.02,127.1976,-1.1333
2022-05-31 07:10:09,"110 km WSW of Bandar Lampung, Indonesia",5.2,61.05,104.3485,-5.84
2022-05-31 00:52:05,"Ceram Sea, Indonesia",5.0,10.0,131.3329,-3.6685
2022-05-27 02:36:05,"37 km NE of Lospalos, Timor Leste",6.2,49.0,127.2079,-8.2572
2022-05-19 15:29:15,"149 km NW of Ternate, Indonesia",5.2,18.59,126.4084,1.7136
2022-05-17 21:26:20,"135 km E of Lospalos, Timor Leste",5.0,10.0,128.2283,-8.4841
2022-05-16 18:58:25,"161 km S of Bengkulu, Indonesia",5.8,23.0,102.0088,-5.2399
2022-05-14 02:25:21,"113 km WSW of Abepura, Indonesia",5.1,90.55,139.7286,-3.0804
2022-05-12 07:22:11,"72 km SSE of Gorontalo, Indonesia",5.1,128.76,123.3797,-0.0355
2022-05-11 16:20:09,"225 km SE of Sarangani, Philippines",5.0,20.53,126.6456,3.746
2022-05-11 14:08:47,Banda Sea,5.0,143.49,130.1454,-6.4811
2022-05-10 03:43:22,"241 km S of Ambon, Indonesia",5.0,347.36,128.29,-5.8751
2022-05-08 21:51:39,"90 km W of Tobelo, Indonesia",5.6,39.28,127.2017,1.8437
2022-05-08 12:17:27,"241 km NNW of Tobelo, Indonesia",5.0,18.84,126.9739,3.6504
2022-05-08 02:28:59,"247 km SE of Sarangani, Philippines",5.2,10.0,126.9085,3.6971
2022-05-08 02:18:52,"242 km SE of Sarangani, Philippines",5.0,10.0,126.9625,3.8111
2022-05-08 02:12:43,"246 km SE of Sarangani, Philippines",5.1,10.0,126.9366,3.7289
2022-04-24 23:50:32,"135 km S of Abepura, Indonesia",5.1,58.15,140.3996,-3.7975
2022-04-20 22:02:46,"193 km SE of Sarangani, Philippines",5.2,42.06,126.6063,4.0869
2022-04-19 21:19:59,"Pulau-Pulau Talaud, Indonesia",5.1,9.68,126.6402,3.6598
2022-04-18 03:04:59,"31 km WNW of Tobelo, Indonesia",5.0,19.47,127.7496,1.8361
2022-04-17 10:04:10,"168 km SSW of Dompu, Indonesia",5.1,48.36,117.9017,-9.9577
2022-04-17 05:49:29,"96 km ESE of Biak, Indonesia",5.4,18.49,136.9275,-1.3714
2022-04-09 21:22:12,"108 km SW of Abepura, Indonesia",5.3,40.12,139.8304,-3.1605
2022-04-08 12:32:11,"198 km WSW of Abepura, Indonesia",5.0,57.91,138.9904,-3.2917
2022-04-05 01:44:08,"128 km W of Tobelo, Indonesia",5.9,36.0,126.8713,1.9361
2022-04-03 00:52:48,"126 km SE of Pondaguitan, Philippines",5.1,40.01,126.8353,5.421
2022-04-01 07:14:12,"60 km WSW of Pelabuhanratu, Indonesia",5.3,18.52,106.0683,-7.2524
2022-03-31 23:18:16,"252 km NW of Kiunga, Papua New Guinea",5.2,10.0,139.4267,-4.8078
2022-03-30 07:44:38,"112 km SW of Bandar Lampung, Indonesia",5.0,44.61,104.4366,-6.0266
2022-03-23 10:10:40,"62 km W of Manokwari, Indonesia",5.2,34.59,133.5126,-0.7656
2022-03-19 04:26:26,"139 km SW of Manokwari, Indonesia",5.0,25.98,133.3083,-1.8744
2022-03-16 03:00:03,"65 km SW of Banjar, Indonesia",5.3,50.19,107.0324,-7.6341
2022-03-15 14:18:02,"143 km SE of Tondano, Indonesia",5.0,34.02,125.8515,0.4166
2022-03-15 12:12:32,"170 km W of Pariaman, Indonesia",5.2,43.75,98.5948,-0.5284
2022-03-14 14:12:10,"174 km W of Pariaman, Indonesia",5.3,25.09,98.5566,-0.5434
2022-03-13 21:38:43,"177 km W of Pariaman, Indonesia",5.6,29.19,98.5291,-0.6087
2022-03-13 21:09:22,"166 km W of Pariaman, Indonesia",6.7,28.0,98.6259,-0.6294
2022-03-12 05:31:11,"64 km SW of Pelabuhanratu, Indonesia",5.3,42.31,106.0704,-7.3172
2022-03-11 17:00:37,"123 km WSW of Ternate, Indonesia",5.1,8.11,126.2999,0.5475
2022-03-10 04:26:53,"34 km SW of Meulaboh, Indonesia",5.1,48.02,95.9105,3.9185
2022-03-09 01:49:18,"104 km NNE of Tobelo, Indonesia",5.1,40.47,128.4029,2.585
2022-03-07 18:13:14,"162 km NE of Laikit, Laikit II (Dimembe), Indonesia",5.3,96.11,125.7943,2.7042
2022-03-05 13:33:23,"10 km ENE of Parapat, Indonesia",5.0,148.95,99.0301,2.6827
2022-03-05 12:02:41,"northern Sumatra, Indonesia",5.5,42.0,95.0249,4.6517
2022-03-02 23:25:19,"32 km NNE of Sorong, Indonesia",5.0,10.0,131.3754,-0.6131
2022-03-01 11:04:09,"16 km WSW of Meulaboh, Indonesia",5.2,41.55,95.9931,4.0892
2022-02-26 06:15:53,"73 km S of Pondaguitan, Philippines",5.2,119.18,126.2848,5.7048
2022-02-25 01:39:26,"65 km NNW of Bukittinggi, Indonesia",6.1,4.0,100.1006,0.219
2022-02-25 01:35:50,"74 km NNW of Bukittinggi, Indonesia",5.0,10.0,100.0017,0.2493
2022-02-21 18:16:53,"58 km NNE of Ruteng, Indonesia",5.2,10.0,120.6142,-8.1038
2022-02-21 16:22:33,"67 km NNE of Ruteng, Indonesia",5.5,10.0,120.7908,-8.0904
2022-02-21 13:06:53,"59 km NNE of Ruteng, Indonesia",5.3,10.0,120.6733,-8.1186
2022-02-21 12:35:58,"47 km NNE of Ruteng, Indonesia",5.7,20.0,120.6211,-8.2068
2022-02-17 19:50:58,"242 km S of Banjar, Indonesia",5.1,10.0,107.0103,-9.3478
2022-02-13 08:21:47,"125 km W of Ternate, Indonesia",5.7,38.1,126.2631,0.9313
2022-02-04 10:10:46,"71 km WSW of Pelabuhanratu, Indonesia",5.2,44.85,105.9667,-7.2617
2022-02-03 15:40:49,"13 km SSE of Same, Timor Leste",5.2,10.0,125.7147,-9.1111
2022-02-01 19:25:10,"184 km NE of Lospalos, Timor Leste",6.0,119.0,128.3132,-7.483
2022-01-30 20:22:20,Savu Sea,5.0,58.58,122.2996,-10.2091
2022-01-27 16:03:03,"Java, Indonesia",5.0,21.15,108.0851,-8.7278
2022-01-27 06:15:07,"154 km N of Tobelo, Indonesia",5.0,53.54,127.9629,3.1259
2022-01-22 13:49:48,"135 km NNW of Tobelo, Indonesia",5.0,48.45,127.5309,2.8577
2022-01-22 02:26:13,"232 km SE of Sarangani, Philippines",6.0,21.0,126.6596,3.6724
2022-01-20 10:44:18,"67 km WNW of Abepura, Indonesia",5.5,35.0,140.0375,-2.4732
2022-01-19 14:29:43,"Seram, Indonesia",5.3,10.0,130.9525,-3.4837
2022-01-17 00:25:57,"96 km SW of Pelabuhanratu, Indonesia",5.0,35.0,105.8582,-7.5134
2022-01-14 16:43:22,"70 km NNW of Bima, Indonesia",5.1,10.0,118.5907,-7.8364
2022-01-14 09:49:20,"100 km SW of Labuan, Indonesia",5.4,34.46,105.2063,-7.0422
2022-01-14 09:05:41,"80 km SW of Labuan, Indonesia",6.6,33.0,105.2887,-6.86
2022-01-11 00:26:30,"260 km S of Sinabang, Indonesia",5.2,10.0,96.7107,0.1519
2022-01-09 21:59:05,"33 km SSW of Tobelo, Indonesia",5.4,10.0,127.8516,1.4713
2022-01-09 21:27:50,"33 km SSW of Tobelo, Indonesia",5.2,10.0,127.8761,1.4538
2022-01-08 10:30:42,"112 km SE of Pondaguitan, Philippines",5.0,107.86,126.9785,5.7328
2022-01-08 09:53:41,"34 km S of Tobelo, Indonesia",5.3,10.0,127.9637,1.4233
2022-01-04 20:55:46,"284 km E of Katabu, Indonesia",6.0,544.0,125.0808,-4.8065
2022-01-02 22:44:23,"79 km WNW of Tobelo, Indonesia",5.0,93.72,127.3237,1.9322
2021-12-31 05:53:42,"122 km NNE of Palu, Indonesia",5.0,106.77,120.4338,0.0488
2021-12-30 13:13:17,"157 km SSE of Tondano, Indonesia",5.5,42.0,125.2498,-0.0798
2021-12-29 20:32:52,"135 km NE of Lospalos, Timor Leste",5.0,157.68,127.7579,-7.5547
2021-12-29 18:25:51,"125 km NNE of Lospalos, Timor Leste",7.3,165.49,127.5773,-7.5482
2021-12-26 15:01:30,"75 km SE of Gorontalo, Indonesia",5.4,107.55,123.4601,-0.0201
2021-12-26 02:22:53,"160 km WNW of Tobelo, Indonesia",5.3,26.42,126.624,2.1321
2021-12-21 02:55:12,"86 km E of Sarangani, Philippines",5.0,70.33,126.2414,5.381
2021-12-18 18:25:59,"Near the north coast of Papua, Indonesia",5.2,10.0,131.5239,-0.6917
2021-12-16 11:03:30,"277 km S of Ambon, Indonesia",5.2,378.62,127.989,-6.1953
2021-12-16 04:26:06,"247 km NE of Lospalos, Timor Leste",5.6,10.0,128.6847,-7.0438
2021-12-14 08:31:31,"111 km N of Maumere, Indonesia",5.6,10.0,122.3166,-7.6129
2021-12-14 05:46:40,"129 km NNW of Maumere, Indonesia",5.0,10.0,121.7358,-7.5496
2021-12-14 03:47:02,"145 km NNW of Maumere, Indonesia",5.1,10.0,121.7602,-7.3823
2021-12-14 03:25:27,"112 km N of Maumere, Indonesia",5.8,10.0,122.2449,-7.605
2021-12-14 03:23:30,"111 km N of Maumere, Indonesia",5.7,10.0,122.2473,-7.6086
2021-12-14 03:20:23,Flores Sea,7.3,14.27,122.2274,-7.6033
2021-12-13 05:46:58,"137 km SSW of Gambiran Satu, Indonesia",5.0,54.94,113.6533,-9.536
2021-12-11 15:29:46,"248 km NE of Lospalos, Timor Leste",5.4,13.0,128.6902,-7.0422
2021-12-10 18:39:18,"63 km S of Gorontalo, Indonesia",5.0,149.56,122.9795,-0.0345
2021-12-08 19:00:53,"158 km NE of Maumere, Indonesia",5.1,251.92,123.3878,-7.8031
2021-12-07 16:26:26,"130 km NE of Maumere, Indonesia",5.2,267.73,123.086,-7.8284
2021-12-05 01:10:56,"72 km NNW of Jayapura, Indonesia",5.3,12.95,140.5378,-1.9016
2021-12-04 23:47:55,"261 km N of Tobelo, Indonesia",6.0,149.0,128.1359,4.0932
2021-11-27 06:01:53,"Pulau-Pulau Talaud, Indonesia",5.2,79.98,126.2666,4.6874
2021-11-17 03:30:34,"79 km WNW of Bengkulu, Indonesia",5.0,59.84,101.5892,-3.5754
2021-11-12 10:44:17,"43 km WSW of Padangsidempuan, Indonesia",5.1,91.42,98.8933,1.2957
2021-11-10 17:46:40,"181 km SW of Nabire, Indonesia",6.0,10.0,134.1805,-4.3244
2021-11-10 02:50:07,"104 km SW of Pelabuhanratu, Indonesia",5.1,21.04,105.8256,-7.5917
2021-11-08 05:05:56,"Sulawesi, Indonesia",5.4,10.0,123.5502,-0.5846
2021-11-06 14:37:36,"150 km ESE of Gorontalo, Indonesia",6.0,34.0,124.2812,-0.0451
2021-11-06 03:56:19,"17 km WNW of Poso, Indonesia",5.1,10.0,120.6152,-1.3117
2021-11-04 02:42:44,"63 km NE of Amahai, Indonesia",5.7,18.0,129.3394,-2.9473
2021-11-03 00:50:35,"95 km SSW of Sibolga, Indonesia",5.1,64.77,98.5198,0.9206
2021-11-02 16:43:52,"285 km WSW of Tual, Indonesia",5.9,94.0,130.4969,-6.8798
2021-11-01 17:04:16,"253 km S of Sinabang, Indonesia",6.0,8.0,96.709,0.2081
2021-10-30 11:11:42,"94 km N of Dili, Timor Leste",5.5,17.43,125.4591,-7.7093
2021-10-29 04:33:31,"15 km S of Sarangani, Philippines",5.1,177.31,125.4891,5.2665
2021-10-28 02:32:05,"196 km NE of Lospalos, Timor Leste",5.1,128.08,128.4376,-7.476
2021-10-25 22:05:11,"71 km SW of Vanimo, Papua New Guinea",5.2,34.98,140.9429,-3.2153
2021-10-25 06:52:04,"217 km SSW of Kawalu, Indonesia",5.1,10.0,107.8227,-9.3066
2021-10-20 06:10:47,"152 km WNW of Abepura, Indonesia",5.0,10.0,139.2914,-2.3088
2021-10-15 23:17:27,"103 km SSW of Pagar Alam, Indonesia",5.0,59.39,102.9791,-4.9203
2021-10-14 15:16:29,"134 km ESE of Laikit, Laikit II (Dimembe), Indonesia",5.5,41.0,126.1559,1.2369
2021-10-13 10:51:47,"Pulau Pulau Tanimbar, Indonesia",5.0,91.46,130.0563,-7.0998
2021-10-11 17:30:28,"140 km ESE of Tondano, Indonesia",5.0,13.0,126.0913,0.8504
2021-10-11 15:27:49,"140 km W of Ternate, Indonesia",5.0,10.0,126.129,0.8928
2021-10-11 12:34:36,"131 km W of Ternate, Indonesia",5.7,36.86,126.2042,0.8073
2021-10-08 10:04:53,"82 km WNW of Meulaboh, Indonesia",5.2,61.14,95.433,4.4134
2021-10-04 14:28:45,"80 km ESE of Amahai, Indonesia",5.1,21.57,129.5662,-3.6624
2021-10-01 11:15:47,"57 km NW of Dompu, Indonesia",5.0,10.0,118.081,-8.1806
2021-09-28 06:25:10,"108 km WSW of Ternate, Indonesia",5.0,14.71,126.4454,0.5238
2021-09-24 06:36:17,"152 km WNW of Tobelo, Indonesia",5.3,35.78,126.691,2.1052
2021-09-22 12:03:30,"143 km NW of Ternate, Indonesia",5.4,33.84,126.5903,1.8112
2021-09-15 00:49:49,"125 km WNW of Gorontalo, Indonesia",5.1,46.37,122.1166,1.1565
2021-09-14 20:13:55,"120 km WNW of Sinabang, Indonesia",5.3,22.0,95.3897,2.9309
2021-09-12 09:02:20,"46 km WNW of Pariaman, Indonesia",5.0,87.02,99.7137,-0.5281
2021-09-09 02:16:32,"91 km SW of Nabire, Indonesia",5.0,16.34,134.9263,-3.9562
2021-08-28 12:27:25,"119 km SSW of Abepura, Indonesia",5.6,30.0,140.0996,-3.5358
2021-08-27 10:22:26,"20 km S of Malbang, Philippines",5.6,54.5,125.0293,5.671
2021-08-26 02:14:22,"106 km NE of Poso, Indonesia",5.7,8.0,121.5296,-0.8389
2021-08-12 21:13:54,"53 km SSE of Tobelo, Indonesia",5.1,96.3,128.1885,1.2821
2021-08-12 20:17:08,"121 km ESE of Pondaguitan, Philippines",5.2,54.57,127.1991,5.9682
2021-08-06 11:08:17,"108 km SW of Bandar Lampung, Indonesia",5.2,54.99,104.6565,-6.2037
2021-08-05 14:24:28,Banda Sea,5.0,117.37,130.041,-6.8174
2021-08-05 05:06:07,"131 km NNE of Maumere, Indonesia",5.4,540.83,122.8179,-7.5981
2021-08-03 19:44:32,"68 km SSW of Komodo, Indonesia",5.0,82.02,119.2526,-9.1652
2021-08-02 23:01:01,"164 km SW of Sungai Penuh, Indonesia",5.2,10.0,100.4063,-3.1615
2021-08-02 22:48:50,"184 km SW of Sungai Penuh, Indonesia",5.8,20.0,100.1976,-3.2114
2021-08-02 15:04:24,"70 km W of Tobelo, Indonesia",5.1,122.48,127.3842,1.841
2021-08-02 05:01:19,"182 km NE of Tual, Indonesia",6.0,10.0,133.958,-4.499
2021-07-26 12:09:06,"99 km WNW of Luwuk, Indonesia",6.3,11.0,121.9083,-0.7679
2021-07-26 03:52:02,"102 km WNW of Luwuk, Indonesia",5.8,9.75,121.9049,-0.6732
2021-07-24 13:07:22,"202 km NW of Tobelo, Indonesia",5.3,54.75,126.5971,2.8784
2021-07-21 17:44:01,"56 km W of Rantepao, Indonesia",5.2,12.77,119.3918,-2.9186
2021-07-20 20:26:46,"Mindanao, Philippines",5.2,87.68,126.7376,5.6101
2021-07-19 00:55:43,"61 km SSE of Gorontalo, Indonesia",5.3,159.24,123.2252,0.0033
2021-07-10 02:41:09,"98 km SE of Sinabang, Indonesia",5.4,17.35,96.9785,1.8228
2021-07-10 00:58:13,"209 km NW of Tobelo, Indonesia",5.0,51.27,126.5451,2.9189
2021-07-10 00:51:08,"211 km NW of Tobelo, Indonesia",5.5,42.57,126.5601,2.9677
2021-07-10 00:43:55,"215 km NW of Tobelo, Indonesia",6.1,44.33,126.4984,2.9494
2021-07-09 13:31:09,"79 km ESE of Gorontalo, Indonesia",5.6,119.63,123.6629,0.1413
2021-07-08 10:09:17,"111 km E of Sarangani, Philippines",5.2,24.06,126.4682,5.3333
2021-07-07 12:30:48,"125 km WSW of Abepura, Indonesia",5.1,116.7,139.5758,-2.9897
2021-07-04 16:18:49,"93 km NNW of Ambon, Indonesia",5.0,10.0,127.9268,-2.8884
2021-07-03 13:09:46,"47 km SSE of Bengkulu, Indonesia",5.1,56.1,102.4166,-4.1986
2021-06-28 01:56:37,"54 km SE of Kupang, Indonesia",5.0,10.0,124.0128,-10.4538
2021-06-27 22:15:28,"55 km SE of Pundong, Indonesia",5.1,85.47,110.6583,-8.3453
2021-06-27 15:56:12,"98 km SSW of Sungai Penuh, Indonesia",5.1,40.3,101.0849,-2.8938
2021-06-24 02:24:55,"250 km S of Ambon, Indonesia",5.7,337.0,128.2804,-5.9581
2021-06-19 21:12:15,"90 km SW of Pagar Alam, Indonesia",5.2,56.2,102.6323,-4.56
2021-06-16 04:43:07,"71 km ESE of Amahai, Indonesia",5.9,7.0,129.5238,-3.558
2021-06-15 14:16:14,"54 km SSE of Bengkulu, Indonesia",5.2,61.49,102.4086,-4.2753
2021-06-13 01:14:51,"39 km W of Tomohon, Indonesia",5.0,207.89,124.4511,1.364
2021-06-12 11:20:53,"252 km NW of Tual, Indonesia",5.0,10.0,131.4836,-3.7342
2021-06-11 02:23:43,"147 km ESE of Gorontalo, Indonesia",5.6,60.14,124.2976,0.0519
2021-06-10 10:12:47,"94 km SSW of Pagar Alam, Indonesia",5.1,59.31,102.9678,-4.8293
2021-06-08 05:00:32,"65 km E of Gorontalo, Indonesia",5.3,196.83,123.6478,0.4526
2021-06-07 05:15:57,"145 km NE of Tual, Indonesia",5.1,10.0,133.715,-4.7382
2021-06-06 09:07:32,"213 km NW of Tobelo, Indonesia",5.2,47.04,126.5824,3.0223
2021-06-05 22:57:38,"126 km WSW of Ternate, Indonesia",5.3,16.26,126.3835,0.2466
2021-06-04 15:24:42,"144 km WSW of Ternate, Indonesia",5.0,10.0,126.2436,0.1655
2021-06-04 13:45:13,Molucca Sea,5.3,8.6,126.2897,0.34
2021-06-03 10:23:30,"132 km WSW of Ternate, Indonesia",5.1,35.0,126.293,0.3224
2021-06-03 10:09:58,"132 km WSW of Ternate, Indonesia",6.2,26.0,126.2911,0.3165
2021-05-29 01:25:14,"214 km N of Palu, Indonesia",5.1,17.42,120.0848,1.019
2021-05-25 17:26:17,"31 km SE of Amahai, Indonesia",5.1,41.58,129.0913,-3.5622
2021-05-23 03:50:49,"35 km WNW of Labuan, Indonesia",5.2,15.95,105.525,-6.2692
2021-05-23 03:48:11,"53 km W of Labuan, Indonesia",5.1,10.0,105.3483,-6.3831
2021-05-23 02:02:08,"215 km SE of Pondaguitan, Philippines",5.5,83.0,127.5262,4.9536
2021-05-22 08:25:48,"235 km SSW of Bengkulu, Indonesia",5.0,10.0,101.7682,-5.8666
2021-05-21 23:56:16,"73 km SE of Pondaguitan, Philippines",5.2,10.0,126.646,5.8868
2021-05-21 12:09:22,"33 km SSW of Sumberpucung, Indonesia",5.8,106.0,112.332,-8.4206
2021-05-14 06:33:07,"260 km S of Sinabang, Indonesia",6.7,11.0,96.6442,0.1364
2021-05-12 18:20:27,"256 km NNE of Tobelo, Indonesia",5.5,47.56,128.6424,3.9581
2021-05-12 15:45:30,"255 km NNE of Tobelo, Indonesia",5.2,45.57,128.6511,3.9466
2021-05-10 17:25:58,"68 km ESE of Mangili, Philippines",5.1,89.11,126.2283,5.7071
2021-05-05 18:13:32,"73 km S of Gorontalo, Indonesia",5.0,112.76,123.0573,-0.1296
2021-05-05 01:24:36,"127 km SSW of Padang, Indonesia",5.7,30.0,99.7862,-1.9554
2021-05-04 22:59:11,"81 km WSW of Tobelo, Indonesia",5.2,148.16,127.3029,1.5332
2021-05-02 17:46:41,"Kepulauan Mentawai region, Indonesia",5.5,21.0,99.79,-2.3244
2021-04-27 09:23:39,"59 km S of Sukabumi, Indonesia",5.0,56.93,106.9425,-7.4516
2021-04-25 01:52:43,"102 km SSE of Manokwari, Indonesia",5.0,10.0,134.3056,-1.7578
2021-04-23 18:45:29,"114 km E of Sarangani, Philippines",5.0,27.58,126.4843,5.2189
2021-04-19 23:58:22,"254 km S of Sinabang, Indonesia",6.1,9.0,96.5601,0.1831
2021-04-19 07:07:36,"120 km NE of Lospalos, Timor Leste",5.2,76.0,127.7426,-7.7259
2021-04-17 01:04:53,"46 km SSE of Banda Aceh, Indonesia",5.0,99.23,95.4554,5.1405
2021-04-16 20:55:11,"246 km SE of Sarangani, Philippines",5.4,35.0,126.7347,3.5769
2021-04-16 03:42:05,"187 km SSE of Praya, Indonesia",5.4,19.31,116.9849,-10.2439
2021-04-15 10:36:22,"207 km SSE of Praya, Indonesia",5.4,19.0,117.0405,-10.4175
2021-04-14 10:55:14,"254 km S of Sinabang, Indonesia",5.6,8.99,96.6432,0.1975
2021-04-14 06:28:42,"58 km W of Pelabuhanratu, Indonesia",5.0,45.72,106.0265,-7.0761
2021-04-14 00:25:27,"162 km SSE of Tondano, Indonesia",5.1,46.5,125.2068,-0.1311
2021-04-13 18:38:48,"84 km SE of Pondaguitan, Philippines",5.0,48.96,126.7622,5.8655
2021-04-13 15:47:32,"143 km W of Ternate, Indonesia",5.2,36.34,126.1055,0.612
2021-04-12 02:26:26,"133 km NNE of Tobelo, Indonesia",5.1,231.06,128.598,2.7772
2021-04-11 10:44:46,"118 km SW of Bandar Lampung, Indonesia",5.0,70.82,104.5961,-6.2729
2021-04-10 23:54:58,"22 km S of Sumberpucung, Indonesia",5.1,113.16,112.469,-8.3613
2021-04-10 09:30:43,"167 km SSW of Sarangani, Philippines",6.1,300.0,124.6443,4.1322
2021-04-10 07:00:15,"45 km S of Sumberpucung, Indonesia",6.0,67.0,112.5054,-8.5707
2021-04-08 05:26:53,"273 km NNW of Gorontalo, Indonesia",5.0,542.63,122.3595,2.9106
2021-04-06 20:08:48,"65 km SE of Pondaguitan, Philippines",5.1,100.3,126.5496,5.9056
2021-04-03 18:42:01,"158 km S of Ambon, Indonesia",5.9,326.0,128.1558,-5.1251
2021-04-01 10:12:24,"242 km SE of Sarangani, Philippines",5.4,40.27,126.7058,3.6042
2021-03-29 04:13:18,"90 km SW of Pagar Alam, Indonesia",5.2,59.62,102.6262,-4.5491
2021-03-27 09:46:13,"83 km NNW of Ternate, Indonesia",5.2,128.21,127.1188,1.4979
2021-03-20 15:02:30,"54 km WNW of Ternate, Indonesia",5.4,27.09,126.9274,0.9715
2021-03-18 07:54:25,"195 km WSW of Nabire, Indonesia",5.2,10.0,133.9246,-4.1517
2021-03-17 17:37:52,Arafura Sea,5.0,10.0,134.9473,-8.4928
2021-03-17 16:20:49,"Halmahera, Indonesia",5.0,93.57,128.3103,2.2695
2021-03-16 19:08:35,Banda Sea,5.1,153.64,129.6807,-6.6522
2021-03-12 20:14:04,"119 km ESE of Sarangani, Philippines",5.1,67.36,126.4194,4.9082
2021-03-12 01:18:22,"Papua, Indonesia",5.2,10.0,138.2909,-4.7072
2021-03-12 01:16:16,"Papua, Indonesia",5.5,12.0,138.3708,-4.6982
2021-03-08 12:56:34,"155 km WSW of Bengkulu, Indonesia",5.0,10.0,101.0083,-4.4209
2021-03-07 01:22:13,"220 km W of Tual, Indonesia",5.1,84.1,130.7664,-5.6896
2021-03-05 07:32:55,"153 km SW of Padang, Indonesia",5.6,25.0,99.2329,-1.7567
2021-02-26 11:02:31,"150 km S of Sofifi, Indonesia",5.0,10.0,127.4456,-0.6146
2021-02-23 22:25:54,"182 km NW of Tobelo, Indonesia",5.1,65.44,127.0363,3.055
2021-02-22 19:22:11,"157 km NW of Gorontalo, Indonesia",5.8,25.0,121.9096,1.358
2021-02-22 04:44:59,"93 km NNW of Naisano Dua, Indonesia",5.0,106.12,123.4503,-8.8111
2021-02-22 03:00:25,"107 km NW of Tobelo, Indonesia",5.1,80.74,127.2602,2.3391
2021-02-16 19:09:40,"161 km WSW of Abepura, Indonesia",5.3,46.02,139.2142,-2.9033
2021-02-16 08:42:11,"92 km N of Tuban, Indonesia",5.1,591.69,112.0975,-6.0656
2021-02-15 04:57:13,"59 km SW of Padangsidempuan, Indonesia",5.0,68.92,98.8358,1.0728
2021-02-14 09:44:50,"242 km N of Palu, Indonesia",5.1,49.29,120.2829,1.2428
2021-02-13 04:30:57,"198 km WSW of Bandar Lampung, Indonesia",5.2,35.0,103.6709,-6.2602
2021-02-13 04:18:26,"208 km WSW of Bandar Lampung, Indonesia",5.0,35.0,103.6081,-6.3295
2021-02-10 12:52:27,"219 km SSW of Bengkulu, Indonesia",6.3,10.0,101.6495,-5.6856
2021-02-10 10:21:32,"213 km SSW of Bengkulu, Indonesia",5.0,10.0,101.6825,-5.6388
2021-02-10 10:15:34,"210 km SSW of Bengkulu, Indonesia",5.2,10.0,101.6854,-5.6093
2021-02-10 10:03:12,"209 km SE of Pondaguitan, Philippines",5.1,108.62,127.3815,4.9054
2021-02-09 07:24:46,Banda Sea,5.2,159.52,129.8834,-6.4061
2021-02-08 00:00:40,"126 km SE of Pondaguitan, Philippines",5.7,35.23,127.1064,5.688
2021-02-05 20:34:46,"173 km SSW of Tomohon, Indonesia",5.2,61.74,124.4494,-0.2129
2021-02-02 14:37:39,"191 km SE of Sarangani, Philippines",5.2,45.62,126.4928,4.0123
2021-01-31 09:44:41,"112 km E of Tual, Indonesia",5.3,10.0,133.7606,-5.5312
2021-01-30 17:00:58,"109 km SE of Tondano, Indonesia",5.0,57.12,125.5284,0.5312
2021-01-30 05:17:24,"56 km ENE of Amahai, Indonesia",5.3,9.32,129.3592,-3.0905
2021-01-27 04:19:56,"74 km SE of Gorontalo, Indonesia",5.0,137.17,123.4695,0.0083
2021-01-24 18:42:04,"132 km SSW of Manokwari, Indonesia",5.1,10.0,133.5283,-1.9282
2021-01-24 13:03:29,"76 km SSE of Bengkulu, Indonesia",5.1,54.96,102.533,-4.4396
2021-01-21 12:23:04,"211 km SE of Pondaguitan, Philippines",7.0,80.0,127.5145,4.9931
2021-01-19 05:01:03,"137 km N of Likis, Timor Leste",5.4,428.11,125.2798,-7.3486
2021-01-16 09:26:43,"186 km SW of Bandar Lampung, Indonesia",5.2,38.62,103.8873,-6.3978
2021-01-15 23:00:02,"110 km E of Laikit, Laikit II (Dimembe), Indonesia",5.0,95.6,125.9643,1.5145
2021-01-14 18:28:18,"32 km S of Mamuju, Indonesia",6.2,18.0,118.8899,-2.9717
2021-01-14 06:38:37,"37 km S of Mamuju, Indonesia",5.2,10.0,118.9502,-3.0171
2021-01-14 06:35:50,"33 km S of Mamuju, Indonesia",5.7,18.0,118.894,-2.9809
2021-01-13 17:33:05,"26 km SE of Tobelo, Indonesia",5.1,22.84,128.2005,1.5831
2021-01-12 18:17:36,"157 km ENE of Nabire, Indonesia",5.9,31.0,136.8876,-3.0604
2021-01-12 10:11:50,"Pulau-Pulau Sangihe, Indonesia",5.3,10.0,125.4314,4.1851
2021-01-11 01:57:27,"214 km N of Palu, Indonesia",5.2,9.85,119.9894,1.0276
2021-01-11 01:20:38,"150 km NNE of Labuan Bajo, Indonesia",5.6,613.25,120.4325,-7.2529
2021-01-09 12:28:13,"Kepulauan Babar, Indonesia",5.2,120.69,129.4868,-7.0859
2021-01-08 16:49:58,"144 km NNE of Labuan Bajo, Indonesia",5.2,605.85,120.1887,-7.2217
2021-01-06 20:59:34,"53 km SSW of Gorontalo, Indonesia",6.1,148.0,122.9487,0.0658
2021-01-06 17:28:35,"70 km WSW of Pagar Alam, Indonesia",5.5,58.04,102.6881,-4.3366
2021-01-05 11:56:18,"36 km SE of Kupang, Indonesia",5.1,10.0,123.8207,-10.4267
2021-01-03 19:13:57,"138 km NNW of Kendari, Indonesia",5.0,10.0,122.2402,-2.7566
2021-01-02 20:35:57,Palau region,5.2,15.09,138.0207,4.3322
2020-12-31 10:18:54,"15 km SSE of Maumere, Indonesia",5.1,130.13,122.2829,-8.7445
2020-12-29 16:21:48,"24 km SW of Sarangani, Philippines",5.3,35.0,125.2951,5.2608
2020-12-28 07:31:11,"170 km S of Tomohon, Indonesia",5.1,51.77,124.5061,-0.1917
2020-12-28 04:46:17,"178 km ESE of Sarangani, Philippines",5.0,96.27,126.8416,4.5718
2020-12-25 11:40:12,"73 km SSE of Komodo, Indonesia",5.0,40.96,119.7556,-9.1954
2020-12-25 02:00:33,"62 km SE of Sarangani, Philippines",5.1,100.59,125.9067,5.0517
2020-12-24 01:24:13,"167 km SSW of Tomohon, Indonesia",5.2,31.48,124.4423,-0.152
2020-12-23 22:19:53,"149 km WSW of Bengkulu, Indonesia",5.2,10.0,101.0761,-4.4368
2020-12-17 08:30:51,"113 km S of Tondano, Indonesia",5.1,53.32,125.0019,0.2789
2020-12-16 10:30:54,"29 km SW of Sarangani, Philippines",5.0,26.14,125.2755,5.2167
2020-12-15 23:21:57,"25 km S of Sarangani, Philippines",6.1,14.0,125.4212,5.1789
2020-12-12 15:55:22,"72 km NNW of Naisano Dua, Indonesia",5.3,95.11,123.4945,-8.9999
2020-12-10 15:04:49,"141 km E of Laikit, Laikit II (Dimembe), Indonesia",5.0,26.34,126.2457,1.5799
2020-12-03 19:48:39,"34 km WNW of Berastagi, Indonesia",5.0,128.21,98.2137,3.2875
2020-12-02 20:36:23,"102 km NE of Kendari, Indonesia",5.2,13.35,123.2663,-3.4416
2020-11-30 17:14:12,"70 km NNW of Sinabang, Indonesia",5.0,27.89,96.1349,3.067
2020-11-29 14:48:27,"114 km SSW of Pagar Alam, Indonesia",5.2,55.23,102.93,-5.0092
2020-11-25 15:20:34,"67 km WNW of Tobelo, Indonesia",5.0,108.92,127.4291,1.897
2020-11-22 11:27:26,"138 km NNW of Ambon, Indonesia",5.3,10.0,127.4963,-2.6552
2020-11-20 16:41:38,"Ceram Sea, Indonesia",5.0,10.0,128.7604,-2.7692
2020-11-18 04:41:55,"95 km S of Padang, Indonesia",5.2,15.62,100.4271,-1.8125
2020-11-17 01:44:11,"222 km SSW of Padang, Indonesia",6.0,19.0,99.3227,-2.6706
2020-11-13 18:33:07,"29 km ESE of Sabang, Indonesia",5.1,10.0,95.5619,5.7913
2020-11-12 19:19:48,"230 km SSE of Tabiauan, Philippines",5.1,573.59,122.724,4.1129
2020-11-04 22:21:49,"56 km SW of Pelabuhanratu, Indonesia",5.2,39.99,106.1567,-7.3061
2020-11-02 18:01:58,"245 km E of Amahai, Indonesia",5.3,12.22,131.1283,-3.4262
2020-11-01 03:43:20,"294 km ENE of Lospalos, Timor Leste",5.7,182.0,129.2407,-7.0719
2020-10-28 09:08:59,"173 km SSW of Tomohon, Indonesia",5.3,47.46,124.4602,-0.2149
2020-10-27 19:43:52,"54 km NNE of Mamuju, Indonesia",5.4,22.0,119.079,-2.2318
2020-10-26 08:26:36,"168 km W of Gorontalo, Indonesia",5.1,99.85,121.5452,0.5373
2020-10-25 00:56:45,"72 km SSW of Kawalu, Indonesia",5.4,43.0,107.9821,-7.9934
2020-10-19 14:11:57,"147 km N of Baukau, Timor Leste",5.2,370.52,126.6203,-7.1522
2020-10-19 09:42:53,"185 km SW of Sungai Penuh, Indonesia",5.1,19.29,100.3183,-3.3354
2020-10-19 09:38:52,"45 km N of Sinabang, Indonesia",5.1,35.0,96.3169,2.8873
2020-10-19 07:47:21,"186 km SW of Sungai Penuh, Indonesia",5.5,17.03,100.3604,-3.3848
2020-10-19 07:31:30,"191 km SW of Sungai Penuh, Indonesia",5.6,20.0,100.2706,-3.3684
2020-10-18 22:48:50,"193 km SW of Sungai Penuh, Indonesia",5.1,10.0,100.2732,-3.4021
2020-10-17 17:56:23,"173 km SW of Sungai Penuh, Indonesia",5.2,10.0,100.4042,-3.2733
2020-10-17 17:55:00,"179 km SW of Sungai Penuh, Indonesia",5.2,23.44,100.3043,-3.2572
2020-10-17 00:36:01,"187 km SW of Sungai Penuh, Indonesia",5.1,10.0,100.2724,-3.3215
2020-10-15 09:41:16,"168 km SW of Sungai Penuh, Indonesia",5.2,19.0,100.3854,-3.1911
2020-10-09 02:57:20,"122 km S of Katabu, Indonesia",5.4,10.0,122.5845,-6.0429
2020-10-05 03:07:47,"100 km W of Waingapu, Indonesia",5.0,60.5,119.3493,-9.6117
2020-10-01 18:15:36,"237 km WSW of Tual, Indonesia",5.0,101.97,130.738,-6.3612
2020-09-22 01:19:04,Banda Sea,5.0,174.38,129.3703,-6.8396
2020-09-18 18:43:28,"153 km WNW of Tobelo, Indonesia",5.2,31.9,126.8005,2.3965
2020-09-17 10:32:25,Banda Sea,5.5,185.0,129.3659,-6.7598
2020-09-13 18:28:52,"62 km E of Meulaboh, Indonesia",5.0,121.54,96.6838,4.2449
2020-09-12 20:26:19,"207 km NE of Lospalos, Timor Leste",5.2,138.93,128.4334,-7.3028
2020-09-09 07:18:40,"188 km SE of Sarangani, Philippines",5.7,17.0,126.6447,4.1773
2020-09-09 03:41:14,"191 km SE of Sarangani, Philippines",5.4,10.0,126.6843,4.177
2020-09-08 04:37:02,"189 km WSW of Pariaman, Indonesia",5.0,10.0,98.4985,-1.14
2020-09-08 00:45:20,"193 km SSE of Amahai, Indonesia",5.9,172.0,129.7548,-4.8713
2020-09-06 20:51:41,"112 km SSW of Abepura, Indonesia",5.0,61.3,140.3876,-3.5858
2020-09-06 00:21:10,"133 km NW of Ternate, Indonesia",5.9,30.0,126.5621,1.6686
2020-09-04 05:00:30,Banda Sea,5.2,234.9,129.1936,-6.3336
2020-09-03 16:02:55,"83 km SSE of Bengkulu, Indonesia",5.3,54.02,102.5889,-4.4773
2020-08-25 23:27:58,"133 km WSW of Labuan, Indonesia",5.0,35.0,104.6542,-6.6509
2020-08-24 10:24:32,"142 km W of Bengkulu, Indonesia",5.0,10.0,101.0051,-4.0266
2020-08-23 17:38:01,"248 km SSW of Sidareja, Indonesia",5.2,10.0,108.1878,-9.6512
2020-08-22 00:39:35,"144 km WSW of Bengkulu, Indonesia",5.5,21.0,100.9938,-4.0808
2020-08-21 04:09:51,"222 km SSE of Katabu, Indonesia",6.9,624.0,123.4649,-6.71
2020-08-18 22:39:08,"161 km WSW of Bengkulu, Indonesia",5.0,15.2,100.9629,-4.4556
2020-08-18 22:29:24,"122 km WSW of Bengkulu, Indonesia",6.9,26.0,101.2411,-4.2069
2020-08-18 22:23:59,"138 km WSW of Bengkulu, Indonesia",6.8,22.0,101.1347,-4.3217
2020-08-16 06:26:30,"127 km N of Gorontalo, Indonesia",5.2,422.66,122.9813,1.6852
2020-08-15 07:12:11,"106 km SSW of Muncar, Indonesia",5.0,54.48,114.0643,-9.3551
2020-08-14 13:21:35,"65 km S of Soe, Indonesia",5.1,10.0,124.3686,-10.4428
2020-08-12 10:26:20,"127 km WNW of Ternate, Indonesia",5.1,34.64,126.4031,1.3943
2020-08-09 04:52:51,"135 km SSE of Dompu, Indonesia",5.0,10.0,118.9168,-9.6788
2020-08-08 16:32:31,"128 km SSW of Komodo, Indonesia",5.0,10.0,118.9854,-9.6376
2020-08-08 10:45:49,"140 km W of Waingapu, Indonesia",5.3,10.0,118.992,-9.7772
2020-08-08 10:24:04,"119 km SSW of Komodo, Indonesia",5.1,10.0,118.952,-9.5261
2020-08-08 10:17:49,"126 km SSW of Komodo, Indonesia",5.1,10.0,119.0873,-9.6563
2020-08-07 03:00:39,"220 km W of Ambon, Indonesia",5.3,10.0,126.2062,-3.8635
2020-08-05 08:27:12,"125 km W of Waingapu, Indonesia",5.1,10.0,119.1179,-9.6826
2020-08-04 23:51:11,"93 km SSW of Padang, Indonesia",5.1,48.42,100.1815,-1.7797
2020-08-02 16:44:25,"174 km SE of Gorontalo, Indonesia",5.0,40.98,124.3637,-0.3408
2020-07-30 02:51:18,"247 km E of Amahai, Indonesia",5.3,10.0,131.1422,-3.4399
2020-07-14 23:33:58,"155 km N of Ruteng, Indonesia",5.7,584.48,120.4556,-7.2022
2020-07-07 06:16:27,"277 km SW of Bandar Lampung, Indonesia",5.0,10.0,103.4231,-7.1327
2020-07-07 04:44:13,"11 km ENE of Rangkasbitung, Indonesia",5.1,96.85,106.3418,-6.3146
2020-07-06 22:54:47,Java Sea,6.6,533.76,110.6893,-5.6023
2020-06-23 07:43:29,"97 km SE of Gorontalo, Indonesia",6.0,109.0,123.7866,0.0368
2020-06-21 19:33:08,"116 km S of Jatiroto, Indonesia",5.2,86.6,110.9498,-8.9211
2020-06-15 04:15:43,"46 km S of Tobelo, Indonesia",5.2,116.22,128.068,1.3092
2020-06-13 09:15:52,"63 km SE of Sumbawa Besar, Indonesia",5.1,44.32,117.8202,-8.9048
2020-06-10 04:35:18,"63 km SSW of Sungai Penuh, Indonesia",5.1,41.7,101.152,-2.5751
2020-06-09 04:56:10,"212 km WSW of Ambon, Indonesia",5.7,10.0,126.3437,-4.2241
2020-06-08 02:34:32,"164 km SE of Gorontalo, Indonesia",5.0,68.79,124.2367,-0.3705
2020-06-06 23:50:35,"103 km SW of Singkil, Indonesia",5.2,11.52,97.053,1.7181
2020-06-05 04:04:29,"196 km WSW of Bandar Lampung, Indonesia",5.2,23.33,103.7211,-6.3154
2020-06-04 08:49:40,"133 km NNE of Tobelo, Indonesia",6.4,112.86,128.248,2.911
2020-06-03 15:54:04,"167 km NNW of Pototano, Indonesia",5.7,639.88,116.9276,-7.0058
2020-05-30 13:06:24,"188 km SE of Sarangani, Philippines",5.6,28.61,126.5197,4.071
2020-05-23 00:13:38,"281 km ENE of Lospalos, Timor Leste",5.3,124.95,129.1447,-7.1501
2020-05-22 22:36:52,"194 km SSW of Padang, Indonesia",5.1,10.0,99.5207,-2.4966
2020-05-20 12:45:07,"75 km ESE of Sarangani, Philippines",5.0,90.28,126.1163,5.2037
2020-05-11 01:06:18,Banda Sea,5.7,10.0,129.9115,-6.0613
2020-05-09 05:49:14,"Kepulauan Babar, Indonesia",5.1,168.39,129.4925,-7.0159
2020-05-06 13:53:55,Banda Sea,6.8,96.0,129.7852,-6.7761
2020-05-03 07:06:45,"108 km SW of Bandar Lampung, Indonesia",5.0,48.5,104.6938,-6.2306
2020-04-30 21:23:21,"212 km W of Abepura, Indonesia",5.1,58.9,138.7274,-2.3984
2020-04-30 08:20:26,"40 km ESE of Padangsidempuan, Indonesia",5.0,17.12,99.5995,1.2299
2020-04-26 23:48:44,"111 km SE of Pondaguitan, Philippines",5.1,57.96,126.8983,5.6607
2020-04-19 13:09:31,"171 km SSE of Sarangani, Philippines",5.1,16.73,126.1659,4.0231
2020-04-15 21:03:38,"86 km WNW of Ternate, Indonesia",5.7,41.39,126.6767,1.1073
2020-04-13 14:59:35,"83 km SW of Ternate, Indonesia",5.0,38.49,126.8276,0.2905
2020-04-13 06:44:26,"184 km S of Sarangani, Philippines",5.0,42.32,125.388,3.7387
2020-04-10 18:45:49,"91 km SSE of Pondaguitan, Philippines",5.1,79.86,126.4894,5.5945
2020-04-06 19:20:27,"79 km WNW of Sinabang, Indonesia",5.0,35.0,95.753,2.8254
2020-04-05 18:37:10,"124 km WNW of Ternate, Indonesia",6.0,42.0,126.4381,1.395
2020-04-02 21:42:41,"167 km N of Baukau, Timor Leste",5.2,408.54,126.6195,-6.9666
2020-04-02 02:13:11,"65 km N of Metinaro, Timor Leste",5.5,16.19,125.7018,-7.9349
2020-03-28 23:10:38,"209 km NW of Maubara, Timor Leste",5.3,590.05,124.0206,-7.137
2020-03-28 15:43:17,"73 km WSW of Poso, Indonesia",5.9,10.0,120.1775,-1.7144
2020-03-27 14:32:48,"126 km NNW of Manokwari, Indonesia",5.6,10.0,133.5831,0.1747
2020-03-26 21:36:42,"173 km WSW of Abepura, Indonesia",5.7,38.0,139.1131,-2.9507
2020-03-26 15:38:04,"27 km SW of Burias, Philippines",6.1,59.0,125.0521,5.5669
2020-03-22 05:51:47,"31 km NNE of Nabire, Indonesia",5.1,30.78,135.6309,-3.1119
2020-03-22 03:34:53,"149 km NW of Gorontalo, Indonesia",5.0,10.0,121.9752,1.3369
2020-03-18 03:13:29,"142 km N of Tobelo, Indonesia",5.4,101.76,128.0385,3.0199
2020-03-16 10:59:11,"243 km SSW of Ternate, Indonesia",5.0,21.18,126.4508,-1.1964
2020-03-15 21:05:32,"214 km S of Dompu, Indonesia",5.2,10.0,118.2924,-10.4691
2020-03-12 08:03:18,"107 km SSE of Pundong, Indonesia",5.2,94.26,110.5406,-8.9032
2020-03-10 23:08:34,"103 km SW of Langsa, Indonesia",5.0,110.48,97.2542,3.8659
2020-03-10 14:06:26,"201 km S of Pagar Alam, Indonesia",5.7,26.18,103.0187,-5.837
2020-03-10 10:18:04,"11 km W of Cicurug, Indonesia",5.0,10.0,106.6813,-6.7852
2020-03-07 11:35:26,"225 km NE of Lospalos, Timor Leste",5.2,165.2,128.6984,-7.384
2020-03-06 19:52:59,"157 km S of Bengkulu, Indonesia",5.0,35.0,102.2091,-5.2218
2020-03-04 13:36:46,"252 km SW of Sungai Penuh, Indonesia",5.0,10.0,99.6068,-3.4641
2020-02-29 09:28:25,"157 km N of Tobelo, Indonesia",5.3,136.91,128.1906,3.14
2020-02-28 14:02:55,"16 km WNW of Pagar Alam, Indonesia",5.1,93.99,103.1177,-3.9512
2020-02-27 19:20:59,"158 km NW of Ternate, Indonesia",5.0,61.95,126.447,1.8642
2020-02-27 19:13:02,"180 km S of Sarangani, Philippines",5.5,122.0,125.7576,3.7953
2020-02-26 07:33:12,"273 km SW of Tual, Indonesia",6.0,54.0,131.1196,-7.4887
2020-02-23 02:08:04,"168 km S of Tondano, Indonesia",5.3,21.24,125.189,-0.1918
2020-02-22 15:34:42,"106 km SSE of Pondaguitan, Philippines",5.3,23.5,126.6597,5.5251
2020-02-22 15:29:48,"119 km SSE of Pondaguitan, Philippines",5.1,13.5,126.7769,5.4617
2020-02-22 01:11:03,"234 km ENE of Lospalos, Timor Leste",5.2,30.74,129.0865,-8.1132
2020-02-20 20:24:28,Banda Sea,5.4,163.21,129.6245,-6.7432
2020-02-20 09:54:07,"11 km SE of Sugal, Philippines",5.4,201.06,125.5446,5.5936
2020-02-15 23:00:27,"273 km S of Sorong, Indonesia",5.6,10.0,131.4839,-3.3456
2020-02-15 15:36:44,"122 km NW of Ternate, Indonesia",5.4,35.0,126.6462,1.6105
2020-02-13 18:17:31,"261 km WSW of Tual, Indonesia",5.2,80.06,130.6068,-6.6215
2020-02-08 06:36:44,"123 km ENE of Amahai, Indonesia",5.6,10.0,129.9354,-2.8766
2020-02-07 03:50:39,"255 km W of Abepura, Indonesia",5.0,30.35,138.333,-2.6378
2020-02-06 13:45:37,"105 km SSE of Pondaguitan, Philippines",5.1,10.0,126.559,5.4894
2020-02-06 13:40:05,"109 km SSE of Pondaguitan, Philippines",6.0,19.0,126.5692,5.4543
2020-02-05 18:12:37,"113 km NNE of Bangkalan, Indonesia",6.2,592.42,113.0778,-6.0817
2020-02-03 11:18:07,"170 km ENE of Tual, Indonesia",5.0,27.07,134.2057,-5.1117
2020-02-01 09:09:31,"103 km SSW of Sungai Penuh, Indonesia",5.0,62.54,101.0474,-2.9219
2020-01-31 22:10:55,Banda Sea,5.0,221.39,129.1523,-6.4065
2020-01-29 23:46:56,"117 km W of Ternate, Indonesia",5.8,27.01,126.3292,0.7136
2020-01-19 16:58:20,"108 km SE of Gorontalo, Indonesia",6.1,121.72,123.8025,-0.1042
2020-01-18 16:38:14,"146 km W of Abepura, Indonesia",6.0,44.0,139.3363,-2.8405
2020-01-18 01:31:10,"128 km SW of Tual, Indonesia",5.1,10.0,132.098,-6.5892
2020-01-15 16:22:13,"51 km N of Naisano Dua, Indonesia",5.0,79.91,123.7967,-9.1328
2020-01-15 07:55:30,"Timor region, Indonesia",5.7,10.0,124.0857,-10.3733
2020-01-07 06:05:19,"14 km S of Sinabang, Indonesia",6.3,17.0,96.3575,2.3481
2020-01-02 11:25:04,"287 km ESE of Katabu, Indonesia",5.6,10.0,124.976,-5.7527
